
	insert into "procedure"
	(id, delay, "label", "groupe", "is_pv")
	values
	(1,	15,	'Courrier amiable 15j', 'GROUPEMENT_A', false),
	(2, 30, 'Courrier amiable 30j', 'GROUPEMENT_A', false),
	(3, 31, 'Amende Administative', 'GROUPEMENT_B', false),
	(4, null, 'Fiche de relevé', 'GROUPEMENT_A', false),
	(5, null, 'PV', 'GROUPEMENT_A', true),
	(6, null, 'Lettre de transmission PV Parquet', 'GROUPEMENT_B', false),
	(7, null, 'Lettre de transmission PV contrevenant', 'GROUPEMENT_B', false),
	(8, null, 'Lettre de transmission PV à l''autorité compétente', 'GROUPEMENT_B', false),
	(9, null, 'Courrier accompagnement AMED', 'GROUPEMENT_B', false),
	(10, null, 'AMED', 'GROUPEMENT_B', false),
	(11, null, 'Arrêté prononçant amende administrative au contrevenant', 'GROUPEMENT_B', false),
	(12, 15, 'Arrêté d''astreinte', 'GROUPEMENT_C', false),
	(13, null, 'Lettre au Maire pour recouvrement de l''astreinte', 'GROUPEMENT_C', false),
	(14, null, 'Courrier si panneau enlevé mais support laissé en place', 'GROUPEMENT_D', false),
	(15, null, 'PV 2', 'GROUPEMENT_D', true),
	(16, null, 'Lettre de transmission PV 2 Parquet', 'GROUPEMENT_D', false),
	(17, null, 'Lettre de transmission PV 2 contrevenant', 'GROUPEMENT_D', false),
	(18, null, 'Lettre de transmission PV 2 à l''autorité compétente', 'GROUPEMENT_D', false),
	(19, null, 'Courrier accompagnement AMED 2', 'GROUPEMENT_D', false),
	(20, null, 'AMED 2', 'GROUPEMENT_D', false),
	(21, null, 'Courrier de clôture', 'GROUPEMENT_E', false);

insert into procedure_incompatible_procedures
	(procedure_id, incompatible_procedures_id)
	values (2 , 1);
insert into procedure_incompatible_procedures
	(procedure_id, incompatible_procedures_id)
	values (1 , 2);

-- noinspection SqlNoDataSourceInspectionForFile

INSERT INTO territorial_direction(
	id, address, city, direction, director, fax_number, first_name_signing_authority, last_name_signing_authority, phone_number, pole, prefecture, service, signing_authority)
	VALUES 
    (0, 'adresse', 'ville', 'direction', 'Directeur', 'fax:03030303', 'Signataire prénom', 'Signataire nom', 'tel: 0303033003', 'pole', 'préfecture', 'service', 'autorité signatrice'),
	(1, 'adresse', 'ville', 'direction', 'Directeur', 'fax:03030303', 'Signataire prénom', 'Signataire nom', 'tel: 0303033003', 'pole', 'préfecture', 'service', 'autorité signatrice'),
	(2, 'adresse', 'ville', 'direction', 'Directeur', 'fax:03030303', 'Signataire prénom', 'Signataire nom', 'tel: 0303033003', 'pole', 'préfecture', 'service', 'autorité signatrice'),
	(3, 'adresse', 'ville', 'direction', 'Directeur', 'fax:03030303', 'Signataire prénom', 'Signataire nom', 'tel: 0303033003', 'pole', 'préfecture', 'service', 'autorité signatrice'),
	(4, 'adresse', 'ville', 'direction', 'Directeur', 'fax:03030303', 'Signataire prénom', 'Signataire nom', 'tel: 0303033003', 'pole', 'préfecture', 'service', 'autorité signatrice'),
	(5, 'adresse', 'ville', 'direction', 'Directeur', 'fax:03030303', 'Signataire prénom', 'Signataire nom', 'tel: 0303033003', 'pole', 'préfecture', 'service', 'autorité signatrice'),
	(6, 'adresse', 'ville', 'direction', 'Directeur', 'fax:03030303', 'Signataire prénom', 'Signataire nom', 'tel: 0303033003', 'pole', 'préfecture', 'service', 'autorité signatrice'),
	(7, 'adresse', 'ville', 'direction', 'Directeur', 'fax:03030303', 'Signataire prénom', 'Signataire nom', 'tel: 0303033003', 'pole', 'préfecture', 'service', 'autorité signatrice'),
	(8, 'adresse', 'ville', 'direction', 'Directeur', 'fax:03030303', 'Signataire prénom', 'Signataire nom', 'tel: 0303033003', 'pole', 'préfecture', 'service', 'autorité signatrice'),
	(9, 'adresse', 'ville', 'direction', 'Directeur', 'fax:03030303', 'Signataire prénom', 'Signataire nom', 'tel: 0303033003', 'pole', 'préfecture', 'service', 'autorité signatrice');

INSERT INTO departement(
code, name, boundxmin, boundymin, boundxmax, boundymax, territorial_direction_id)
VALUES
(68, 'Haut-Rhin', 985717.12603459157980978,6709168.63384428434073925,1047308.59965480153914541,6811151.61733861733227968,0),
(67, 'Bas-Rhin', 986163.4410608250182122,6788277.97224415559321642,1084129.58931905752979219,6898294.62621069047600031,1),
(57, 'Moselle', 908504.62649621232412755,6831570.5297887958586216,1018521.28046274685766548,6941364.02624221425503492,2),
(54, 'Meurthe et Moselle', 874807.84201559028588235,6808362.1484246589243412,1006693.93226756167132407,6946273.49153078161180019,3),
(88, 'Vosges', 876146.78709429048467427,6751791.71884957514703274,1012272.87009547918569297,6833690.52616340480744839,4),
(52, 'Haute-Marne', 818795.30622329784091562,6720772.82452635280787945,917207.76950776390731335,6846633.66192417312413454,5),
(55, 'Meuse', 836424.74975951737724245,6812378.98366075940430164,911182.51665361283812672,6952745.05941116530448198,6),
(10,'Aube', 726184.93827986612450331,6756924.34165125899016857,839772.11245626793242991,6847749.44948975741863251,7),
(51, 'Marne', 723953.36314869916532189,6822867.38677724450826645,852268.93319080327637494,6925519.84281092789024115,8),
(8, 'Ardennes', 771515.28100111254025251,6901953.14775305893272161,874542.18987764185294509,7010825.55500556156039238,9);


INSERT INTO users(
	id, enabled, mail, password, first_name, last_name, departement_code, pwd_encrypted, deleted)
	VALUES
	(1, true, 'dimitri.reynie@soprasteria.com', 'dreynie', 'Dimitri', 'Reynié', 67, false, false), -- pw = dreynie
	(2, true, 'olivier.toth@soprasteria.com', 'ototh', 'Olivier', 'Toth', 68, false, false), -- pw = ototh
	(3, true, 'lucie.hubert@soprasteria.com', 'lhubert', 'Lucie', 'Hubert', 8, false, false), -- pw = lhubert
	(4, true, 'julia.galvez@vosges.gouv.fr', 'jgalvez', 'Julia', 'Galvez', 88, false, false), -- pw = jgalvez
	(5, true, 'guillaume.vaney@developpement-durable.gouv.fr', 'gvaney', 'Guillaume', 'Vaney', 55, false, false), -- pw = gvaney
	(6, true, 'francois.mathonnet@developpement-durable.gouv.fr', 'fmathonnet', 'Francois', 'Mathonnet', 10, false, false), -- pw = fmathonnet
	(7,true,'jacques.lantenois@ardennes.gouv.fr','jlantenois','Jacques','LANTENOIS',8,false, false),
    (8,true,'jean-michel.lamy@developpement-durable.gouv.fr','jlamy','Jean-Michel','LAMY',10,false, false),
    (9,true,'isabelle.loreaux@marne.gouv.fr','iloreaux','Isabelle','LOREAUX',51,false, false),
    (10,true,'patrick.luyer@marne.gouv.fr','pluyer','Patrick','LUYER',51,false, false),
    (11,true,'diane.demolliere@marne.gouv.fr','ddemolliere','Diane','DEMOLLIERE',51,false, false),
    (12,true,'dominique.cornot@haute-marne.gouv.fr','dcornot','Dominique','CORNOT',52,false, false),
    (13,true,'frederic.mauffre@haute-marne.gouv.fr','fmauffre','Frédéric','MAUFFRE',52,false, false),
    (14,true,'lionel.beaufils@haute-marne.gouv.fr','lbeaufils','Lionel','BEAUFILS',52,false, false),
    (15,true,'lucie.mathieu@haute-marne.gouv.fr','lmathieu','Lucie','MATHIEU',52,false, false),
    (16,true,'nathalie.cael@meurthe-et-moselle.gouv.fr','ncael','Nathalie','CAEL',54,false, false),
    (17,true,'solange.chognot@meurthe-et-moselle.gouv.fr','schognot','Solange','CHOGNOT',54,false, false),
    (18,true,'armelle.morlot@meurthe-et-moselle.gouv.fr','amorlot','Armelle','MORLOT',54,false, false),
    (19,true,'francine.pascual@meuse.gouv.fr','fpascual','Francine','PASCUAL',55,false, false),
    (20,true,'laurent.simonin@meuse.gouv.fr','lsimonin','Laurent','SIMONIN',55,false, false),
    (21,true,'stephanie.courtois@moselle.gouv.fr','scourtois','Stéphanie','COURTOIS',57,false, false),
    (22,true,'baghdad.seguer@moselle.gouv.fr','bseguer','Baghdad','SEGUER',57,false, false),
    (23,true,'michel.klam@moselle.gouv.fr','mklam','Michel','KLAM',57,false, false),
    (24,true,'claudine.burtin@bas-rhin.gouv.fr','cburtin','Claudine','BURTIN',67,false, false),
    (25,true,'rene.uhring@bas-rhin.gouv.fr','ruhring','René','UHRING',67,false, false),
    (26,true,'patrick.marvillier@bas-rhin.gouv.fr','pmarvillier','Patrick','MARVILLIER',67,false, false),
    (27,true,'raphael.bauche@haut-rhin.gouv.fr','rbauche','Raphael','BAUCHE',68,false, false),
    (28,true,'soledad.joos@haut-rhin.gouv.fr','sjoos','Solédad','JOOS',68,false, false),
    (29,true,'odile.prevot@haut-rhin.gouv.fr','oprevot','Odile','PREVOT',68,false, false),
    (30,true,'celine.elsaesser@haut-rhin.gouv.fr','celsaesser','Céline','ELSAESSER',68,false, false),
    (31,true,'nicolas.joly@vosges.gouv.fr','njoly','Nicolas','JOLY',88,false, false),
    (32,true,'cathy.christal@vosges.gouv.fr','cchristal','Cathy','CHRISTAL',88,false, false),
    (33,true,'michel.marchal@vosges.gouv.fr','mmarchal','Michel','MARCHAL',88,false, false),
    (34,true,'alain.remy@vosges.gouv.fr','aremy','Alain','REMY',88,false, false),
    (35,true,'sebastien.gaugry@vosges.gouv.fr','sgaugry','Sébastien','GAUGRY',88,false, false),
    (36,true,'christel.poinas@developpement-durable.gouv.fr','cpoinas','Christel','POINAS',88,false, false);

ALTER SEQUENCE users_id_seq RESTART WITH 37;

-- noinspection SqlNoDataSourceInspectionForFile


-- Definition of WMS layers
INSERT INTO layer(
	id, map, output_format, name, request, service, srs_name, type_name, url, version, need_proxy, categories, used_for_restriction, categories_namespace)
	VALUES
	(1, null,'image/png', 'Commune','GetMap', 'WMS', 'EPSG:3857', 'commune_actuelle', 'https://www.geograndest.fr/geoserver/region-grand-est/ows', '1.1.1', false, null, false, null),
	(2, null,'image/png', 'Département','GetMap', 'WMS', 'EPSG:3857', 'departement', 'https://www.geograndest.fr/geoserver/region-grand-est/ows', '1.1.1', false, null, false, null),
	(3, null,'image/png', 'PLU','GetMap', 'WMS', 'EPSG:3857', 'document', 'https://wxs-gpu.mongeoportail.ign.fr/externe/vkd1evhid6jdj5h4hkhyzjto/wms/v', '1.1.1', false, null, false, null),
	(4, null,'image/png', 'Zone urbaine','GetMap', 'WMS', 'EPSG:3857', 'zone_secteur', 'https://wxs-gpu.mongeoportail.ign.fr/externe/vkd1evhid6jdj5h4hkhyzjto/wms/v', '1.1.1', false, null, false, null),
	(5, null,'image/png', 'Parcelles cadastrales','GetMap', 'WMS', 'EPSG:3857', 'CADASTRALPARCELS.PARCELS', 'https://www.geograndest.fr/geoserver/ign/ows', '1.1.1', false, null, false, null),
	(6, null,'image/png', 'Ortho 2014-2016','GetMap', 'WMS', 'EPSG:3857', 'ORTHO_2014_2016_GRAND_EST', 'https://www.geograndest.fr/geoserver/geograndest/ows', '1.1.1', false, null, false, null),
	(7, null,'image/png', 'PNR','GetCapabilities', 'WMS', 'EPSG:3857', 'PNR_S_R44', 'http://ogc.geo-ide.developpement-durable.gouv.fr/wxs?map=/opt/data/carto/geoide-catalogue/1.4/org_5443264/77fad825-56b8-4367-97b8-877c705f5141.internet.map', '1.1.1', true, null, false, null)
	,
	(8, null,'image/png', 'Sites inscrits et classés','GetCapabilities', 'WMS', 'EPSG:3857', 'NATURA2000_ZSC_S_R44', 'http://ogc.geo-ide.developpement-durable.gouv.fr/wxs?map=/opt/data/carto/geoide-catalogue/1.4/org_5443264/e445d338-6ad6-4c6e-aa86-db0e5784ebe1.internet.map', '1.1.1', true, null, false, null)
	,
	(9, null,'image/png', 'Réserve naturelle','GetCapabilities', 'WMS', 'EPSG:3857', 'N_ENP_RNN_S_R44', 'http://ogc.geo-ide.developpement-durable.gouv.fr/wxs?map=/opt/data/carto/geoide-catalogue/1.4/org_5443264/9e56f357-ebe4-4ca2-8f72-8a929c12d64c.internet.map', '1.1.1', true, null, false, null)
	,
	(10, null,'image/png', 'Sites Natura 2000 - ZSC','GetCapabilities', 'WMS', 'EPSG:3857', 'NATURA2000_ZSC_S_R44', 'http://ogc.geo-ide.developpement-durable.gouv.fr/wxs?map=/opt/data/carto/geoide-catalogue/1.4/org_5443264/773bcbe2-4c5c-4b2c-89b9-d5b802e4a8fd.internet.map', '1.1.1', true, null, false, null)
	,
	(11, null,'image/png', 'Sites Natura 2000 - ZPS','GetCapabilities', 'WMS', 'EPSG:3857', 'NATURA2000_ZPS_S_R44', 'http://ogc.geo-ide.developpement-durable.gouv.fr/wxs?map=/opt/data/carto/geoide-catalogue/1.4/org_5443264/4f1a3cfc-0fa8-4ff8-ab60-3f66381122f7.internet.map', '1.1.1', true, null, false, null),

(12, null,'image/png', 'Immeubles classés ou inscrits – 08','GetCapabilities', 'WMS', 'EPSG:3857', 'MD_3810', 'http://atlas.patrimoines.culture.fr/cgi-bin/mapserv?map=/home/atlas-mapserver/production/var/data/MD_3810/MD_3810.map&layers=MD_3810&SLD=http://atlas.patrimoines.culture.fr/SLD/tgr_immeuble-classe-ou-inscrit_polygon_MD3810.sld', '1.1.1', true, null, false, null),
(13, null,'image/png', 'Immeubles classés ou inscrits – 10','GetCapabilities', 'WMS', 'EPSG:3857', 'MD_3806', 'http://atlas.patrimoines.culture.fr/cgi-bin/mapserv?map=/home/atlas-mapserver/production/var/data/MD_3806/MD_3806.map&layers=MD_3806&SLD=http://atlas.patrimoines.culture.fr/SLD/tgr_immeuble-classe-ou-inscrit_polygon_MD3806.sld', '1.1.1', true, null, false, null),
(14, null,'image/png', 'Immeubles classés ou inscrits – 51','GetCapabilities', 'WMS', 'EPSG:3857', 'MD_3837', 'http://atlas.patrimoines.culture.fr/cgi-bin/mapserv?map=/home/atlas-mapserver/production/var/data/MD_3837/MD_3837.map&layers=MD_3837&SLD=http://atlas.patrimoines.culture.fr/SLD/tgr_immeuble-classe-ou-inscrit_polygon_MD3837.sld', '1.1.1', true, null, false, null),
(15, null,'image/png', 'Immeubles classés ou inscrits – 52','GetCapabilities', 'WMS', 'EPSG:3857', 'MD_3858', 'http://atlas.patrimoines.culture.fr/cgi-bin/mapserv?map=/home/atlas-mapserver/production/var/data/MD_3858/MD_3858.map&layers=MD_3858&SLD=http://atlas.patrimoines.culture.fr/SLD/tgr_immeuble-classe-ou-inscrit_polygon_MD3858.sld', '1.1.1', true, null, false, null),
(16, null,'image/png', 'Immeubles classés ou inscrits – 54','GetCapabilities', 'WMS', 'EPSG:3857', 'MD_3817', 'http://atlas.patrimoines.culture.fr/cgi-bin/mapserv?map=/home/atlas-mapserver/production/var/data/MD_3817/MD_3817.map&layers=MD_3817&SLD=http://atlas.patrimoines.culture.fr/SLD/tgr_immeuble-classe-ou-inscrit_polygon_MD3817.sld', '1.1.1', true, null, false, null),
(17, null,'image/png', 'Immeubles classés ou inscrits – 55','GetCapabilities', 'WMS', 'EPSG:3857', 'MD_3859', 'http://atlas.patrimoines.culture.fr/cgi-bin/mapserv?map=/home/atlas-mapserver/production/var/data/MD_3859/MD_3859.map&layers=MD_3859&SLD=http://atlas.patrimoines.culture.fr/SLD/tgr_immeuble-classe-ou-inscrit_polygon_MD3859.sld', '1.1.1', true, null, false, null),
(18, null,'image/png', 'Immeubles classés ou inscrits – 57','GetCapabilities', 'WMS', 'EPSG:3857', 'MD_3826', 'http://atlas.patrimoines.culture.fr/cgi-bin/mapserv?map=/home/atlas-mapserver/production/var/data/MD_3826/MD_3826.map&layers=MD_3826&SLD=http://atlas.patrimoines.culture.fr/SLD/tgr_immeuble-classe-ou-inscrit_polygon_MD3826.sld', '1.1.1', true, null, false, null),
(19, null,'image/png', 'Immeubles classés ou inscrits – 67','GetCapabilities', 'WMS', 'EPSG:3857', 'MD_3827', 'http://atlas.patrimoines.culture.fr/cgi-bin/mapserv?map=/home/atlas-mapserver/production/var/data/MD_3827/MD_3827.map&layers=MD_3827&SLD=http://atlas.patrimoines.culture.fr/SLD/tgr_immeuble-classe-ou-inscrit_polygon_MD3827.sld', '1.1.1', true, null, false, null),
(20, null,'image/png', 'Immeubles classés ou inscrits – 68','GetCapabilities', 'WMS', 'EPSG:3857', 'MD_3831', 'http://atlas.patrimoines.culture.fr/cgi-bin/mapserv?map=/home/atlas-mapserver/production/var/data/MD_3831/MD_3831.map&layers=MD_3831&SLD=http://atlas.patrimoines.culture.fr/SLD/immeuble-classe-ou-inscrit_polygon_MD2067.sld', '1.1.1', true, null, false, null),
(21, null,'image/png', 'Immeubles classés ou inscrits – 88','GetCapabilities', 'WMS', 'EPSG:3857', 'MD_3583', 'http://atlas.patrimoines.culture.fr/cgi-bin/mapserv?map=/home/atlas-mapserver/production/var/data/MD_3583/MD_3583.map&layers=MD_3583&SLD=http://atlas.patrimoines.culture.fr/SLD/tgr_immeuble-classe-ou-inscrit_polygon_MD3583.sld', '1.1.1', true, null, false, null),

(22, null,'image/png', 'Périmètre protection MH (AC1) – 08','GetCapabilities', 'WMS', 'EPSG:3857', 'MD_4029', 'http://atlas.patrimoines.culture.fr/cgi-bin/mapserv?map=/home/atlas-mapserver/production/var/data/MD_4029/MD_4029.map&layers=MD_4029&SLD=http://atlas.patrimoines.culture.fr/SLD/perimetre-de-protection-d-un-monument-historique_polygon_MD1549.sld', '1.1.1', true, null, false, null),
(23, null,'image/png', 'Périmètre protection MH (AC1) – 10','GetCapabilities', 'WMS', 'EPSG:3857', 'MD_4033', 'http://atlas.patrimoines.culture.fr/cgi-bin/mapserv?map=/home/atlas-mapserver/production/var/data/MD_4033/MD_4033.map&layers=MD_4033&SLD=http://atlas.patrimoines.culture.fr/SLD/perimetre-de-protection-d-un-monument-historique_polygon_MD1549.sld', '1.1.1', true, null, false, null),
(75, null,'image/png', 'Périmètre protection MH (AC1) – 51','GetCapabilities', 'WMS', 'EPSG:3857', 'MD_4092', 'http://atlas.patrimoines.culture.fr/cgi-bin/mapserv?map=/home/atlas-mapserver/production/var/data/MD_4092/MD_4092.map&layers=MD_4092&SLD=http://atlas.patrimoines.culture.fr/SLD/perimetre-de-protection-d-un-monument-historique_polygon_MD1549.sld', '1.1.1', true, null, false, null),
(24, null,'image/png', 'Périmètre protection MH (AC1) – 52','GetCapabilities', 'WMS', 'EPSG:3857', 'MD_4094', 'http://atlas.patrimoines.culture.fr/cgi-bin/mapserv?map=/home/atlas-mapserver/production/var/data/MD_4094/MD_4094.map&layers=MD_4094&SLD=http://atlas.patrimoines.culture.fr/SLD/perimetre-de-protection-d-un-monument-historique_polygon_MD1549.sld', '1.1.1', true, null, false, null),
(25, null,'image/png', 'Périmètre protection MH (AC1) – 54','GetCapabilities', 'WMS', 'EPSG:3857', 'MD_4098', 'http://atlas.patrimoines.culture.fr/cgi-bin/mapserv?map=/home/atlas-mapserver/production/var/data/MD_4098/MD_4098.map&layers=MD_4098&SLD=http://atlas.patrimoines.culture.fr/SLD/perimetre-de-protection-d-un-monument-historique_polygon_MD1563.sld', '1.1.1', true, null, false, null),
(26, null,'image/png', 'Périmètre protection MH (AC1) – 55','GetCapabilities', 'WMS', 'EPSG:3857', 'MD_4100', 'http://atlas.patrimoines.culture.fr/cgi-bin/mapserv?map=/home/atlas-mapserver/production/var/data/MD_4100/MD_4100.map&layers=MD_4100&SLD=http://atlas.patrimoines.culture.fr/SLD/perimetre-de-protection-d-un-monument-historique_polygon_MD1383.sld', '1.1.1', true, null, false, null),
(27, null,'image/png', 'Périmètre protection MH (AC1) – 57','GetCapabilities', 'WMS', 'EPSG:3857', 'MD_4103', 'http://atlas.patrimoines.culture.fr/cgi-bin/mapserv?map=/home/atlas-mapserver/production/var/data/MD_4103/MD_4103.map&layers=MD_4103&SLD=http://atlas.patrimoines.culture.fr/SLD/perimetre-de-protection-d-un-monument-historique_polygon_MD1934.sld', '1.1.1', true, null, false, null),
(28, null,'image/png', 'Périmètre protection MH (AC1) – 67','GetCapabilities', 'WMS', 'EPSG:3857', 'MD_4007', 'http://atlas.patrimoines.culture.fr/cgi-bin/mapserv?map=/home/atlas-mapserver/production/var/data/MD_4007/MD_4007.map&layers=MD_4007&SLD=http://atlas.patrimoines.culture.fr/SLD/tgr_perimetres-delimites-des-abords_polygon_MD4007.sld', '1.1.1', true, null, false, null),
(29, null,'image/png', 'Périmètre protection MH (AC1) – 68','GetCapabilities', 'WMS', 'EPSG:3857', 'MD_4010', 'http://atlas.patrimoines.culture.fr/cgi-bin/mapserv?map=/home/atlas-mapserver/production/var/data/MD_4010/MD_4010.map&layers=MD_4010&SLD=http://atlas.patrimoines.culture.fr/SLD/tgr_perimetres-delimites-des-abords_polygon_MD4010.sld', '1.1.1', true, null, false, null),
(30, null,'image/png', 'Périmètre protection MH (AC1) – 88','GetCapabilities', 'WMS', 'EPSG:3857', 'MD_4135', 'http://atlas.patrimoines.culture.fr/cgi-bin/mapserv?map=/home/atlas-mapserver/production/var/data/MD_4135/MD_4135.map&layers=MD_4135&SLD=http://atlas.patrimoines.culture.fr/SLD/perimetre-de-protection-d-un-monument-historique_polygon_MD1922.sld', '1.1.1', true, null, false, null),

(31, null,'image/png', 'Site patrimonial remarquable – 08','GetCapabilities', 'WMS', 'EPSG:3857', 'MD_4030', 'http://atlas.patrimoines.culture.fr/cgi-bin/mapserv?map=/home/atlas-mapserver/production/var/data/MD_4030/MD_4030.map&layers=MD_4030&SLD=http://atlas.patrimoines.culture.fr/SLD/sites-patrimoniaux-remarquables_polygon_MD3081.sld', '1.1.1', true, null, false, null),
(32, null,'image/png', 'Site patrimonial remarquable – 10','GetCapabilities', 'WMS', 'EPSG:3857', 'MD_4034', 'http://atlas.patrimoines.culture.fr/cgi-bin/mapserv?map=/home/atlas-mapserver/production/var/data/MD_4034/MD_4034.map&layers=MD_4034&SLD=http://atlas.patrimoines.culture.fr/SLD/sites-patrimoniaux-remarquables_polygon_MD3253.sld', '1.1.1', true, null, false, null),
(33, null,'image/png', 'Site patrimonial remarquable – 51','GetCapabilities', 'WMS', 'EPSG:3857', 'MD_4093', 'http://atlas.patrimoines.culture.fr/cgi-bin/mapserv?map=/home/atlas-mapserver/production/var/data/MD_4093/MD_4093.map&layers=MD_4093&SLD=http://atlas.patrimoines.culture.fr/SLD/sites-patrimoniaux-remarquables_polygon_MD3087.sld', '1.1.1', true, null, false, null),
(34, null,'image/png', 'Site patrimonial remarquable – 52','GetCapabilities', 'WMS', 'EPSG:3857', 'MD_4095', 'http://atlas.patrimoines.culture.fr/cgi-bin/mapserv?map=/home/atlas-mapserver/production/var/data/MD_4095/MD_4095.map&layers=MD_4095&SLD=http://atlas.patrimoines.culture.fr/SLD/sites-patrimoniaux-remarquables_polygon_MD3252.sld', '1.1.1', true, null, false, null),
(35, null,'image/png', 'Site patrimonial remarquable – 54','GetCapabilities', 'WMS', 'EPSG:3857', 'MD_4099', 'http://atlas.patrimoines.culture.fr/cgi-bin/mapserv?map=/home/atlas-mapserver/production/var/data/MD_4099/MD_4099.map&layers=MD_4099&SLD=http://atlas.patrimoines.culture.fr/SLD/sites-patrimoniaux-remarquables_polygon_MD3475.sld', '1.1.1', true, null, false, null),
(74, null,'image/png', 'Site patrimonial remarquable – 55','GetCapabilities', 'WMS', 'EPSG:3857', 'MD_4101', 'http://atlas.patrimoines.culture.fr/cgi-bin/mapserv?map=/home/atlas-mapserver/production/var/data/MD_4101/MD_4101.map&layers=MD_4101&SLD=http://atlas.patrimoines.culture.fr/SLD/sites-patrimoniaux-remarquables_polygon_MD3125.sld', '1.1.1', true, null, false, null),
(36, null,'image/png', 'Site patrimonial remarquable – 57','GetCapabilities', 'WMS', 'EPSG:3857', 'MD_4107', 'http://atlas.patrimoines.culture.fr/cgi-bin/mapserv?map=/home/atlas-mapserver/production/var/data/MD_4107/MD_4107.map&layers=MD_4107&SLD=http://atlas.patrimoines.culture.fr/SLD/sites-patrimoniaux-remarquables_polygon_MD3125.sld', '1.1.1', true, null, false, null),
(37, null,'image/png', 'Site patrimonial remarquable – 67','GetCapabilities', 'WMS', 'EPSG:3857', 'MD_4009', 'http://atlas.patrimoines.culture.fr/cgi-bin/mapserv?map=/home/atlas-mapserver/production/var/data/MD_4009/MD_4009.map&layers=MD_4009&SLD=http://atlas.patrimoines.culture.fr/SLD/tgr_aires-de-mise-en-valeur-de-l-architecture-et-du-patrimoine_polygon_MD4009.sld', '1.1.1', true, null, false, null),
(38, null,'image/png', 'Site patrimonial remarquable – 68','GetCapabilities', 'WMS', 'EPSG:3857', 'MD_4011', 'http://atlas.patrimoines.culture.fr/cgi-bin/mapserv?map=/home/atlas-mapserver/production/var/data/MD_4011/MD_4011.map&layers=MD_4011&SLD=http://atlas.patrimoines.culture.fr/SLD/tgr_aires-de-mise-en-valeur-de-l-architecture-et-du-patrimoine_polygon_MD4011.sld', '1.1.1', true, null, false, null),
(39, null,'image/png', 'Site patrimonial remarquable – 88','GetCapabilities', 'WMS', 'EPSG:3857', 'MD_4136', 'http://atlas.patrimoines.culture.fr/cgi-bin/mapserv?map=/home/atlas-mapserver/production/var/data/MD_4136/MD_4136.map&layers=MD_4136&SLD=http://atlas.patrimoines.culture.fr/SLD/sites-patrimoniaux-remarquables_polygon_MD3136.sld', '1.1.1', true, null, false, null),

(40, '/home/atlas-mapserver/production/var/data/MD_3810/MD_3810.map','text/xml; subtype=gml/3.1.1', 'Immeubles classés ou inscrits – 08','GetFeature', 'WFS', null, 'MD_3810', 'http://atlas.patrimoines.culture.fr/cgi-bin/mapserv', '1.1.0', true, 'legende', true, 'ms'),
(41, '/home/atlas-mapserver/production/var/data/MD_3806/MD_3806.map','text/xml; subtype=gml/3.1.1', 'Immeubles classés ou inscrits – 10','GetFeature', 'WFS', null, 'MD_3806', 'http://atlas.patrimoines.culture.fr/cgi-bin/mapserv', '1.1.0', true, 'legende', true, 'ms'),
(42, '/home/atlas-mapserver/production/var/data/MD_3837/MD_3837.map','text/xml; subtype=gml/3.1.1', 'Immeubles classés ou inscrits – 51','GetFeature', 'WFS', null, 'MD_3837', 'http://atlas.patrimoines.culture.fr/cgi-bin/mapserv', '1.1.0', true, 'legende', true, 'ms'),
(43, '/home/atlas-mapserver/production/var/data/MD_3858/MD_3858.map','text/xml; subtype=gml/3.1.1', 'Immeubles classés ou inscrits – 52','GetFeature', 'WFS', null, 'MD_3858', 'http://atlas.patrimoines.culture.fr/cgi-bin/mapserv', '1.1.0', true, 'legende', true, 'ms'),
(44, '/home/atlas-mapserver/production/var/data/MD_3817/MD_3817.map','text/xml; subtype=gml/3.1.1', 'Immeubles classés ou inscrits – 54','GetFeature', 'WFS', null, 'MD_3817', 'http://atlas.patrimoines.culture.fr/cgi-bin/mapserv', '1.1.0', true, 'legende', true, 'ms'),
(45, '/home/atlas-mapserver/production/var/data/MD_3859/MD_3859.map','text/xml; subtype=gml/3.1.1', 'Immeubles classés ou inscrits – 55','GetFeature', 'WFS', null, 'MD_3859', 'http://atlas.patrimoines.culture.fr/cgi-bin/mapserv', '1.1.0', true, 'legende', true, 'ms'),
(46, '/home/atlas-mapserver/production/var/data/MD_3826/MD_3826.map','text/xml; subtype=gml/3.1.1', 'Immeubles classés ou inscrits – 57','GetFeature', 'WFS', null, 'MD_3826', 'http://atlas.patrimoines.culture.fr/cgi-bin/mapserv', '1.1.0', true, 'legende', true, 'ms'),
(47, '/home/atlas-mapserver/production/var/data/MD_3827/MD_3827.map','text/xml; subtype=gml/3.1.1', 'Immeubles classés ou inscrits – 67','GetFeature', 'WFS', null, 'MD_3827', 'http://atlas.patrimoines.culture.fr/cgi-bin/mapserv', '1.1.0', true, 'legende', true, 'ms'),
(48, '/home/atlas-mapserver/production/var/data/MD_3831/MD_3831.map','text/xml; subtype=gml/3.1.1', 'Immeubles classés ou inscrits – 68','GetFeature', 'WFS', null, 'MD_3831', 'http://atlas.patrimoines.culture.fr/cgi-bin/mapserv', '1.1.0', true, 'legende', true, 'ms'),
(49, '/home/atlas-mapserver/production/var/data/MD_3583/MD_3583.map','text/xml; subtype=gml/3.1.1', 'Immeubles classés ou inscrits – 88','GetFeature', 'WFS', null, 'MD_3583', 'http://atlas.patrimoines.culture.fr/cgi-bin/mapserv', '1.1.0', true, 'legende', true, 'ms'),

(50, '/home/atlas-mapserver/production/var/data/MD_4029/MD_4029.map','text/xml; subtype=gml/3.1.1', 'Périmètre protection MH (AC1) – 08','GetFeature', 'WFS', null, 'MD_4029', 'http://atlas.patrimoines.culture.fr/cgi-bin/mapserv', '1.1.0', true, 'categorie', true, 'ms'),
(51, '/home/atlas-mapserver/production/var/data/MD_4033/MD_4033.map','text/xml; subtype=gml/3.1.1', 'Périmètre protection MH (AC1) – 10','GetFeature', 'WFS', null, 'MD_4033', 'http://atlas.patrimoines.culture.fr/cgi-bin/mapserv', '1.1.0', true, 'categorie', true, 'ms'),
(72, '/home/atlas-mapserver/production/var/data/MD_4092/MD_4092.map','text/xml; subtype=gml/3.1.1', 'Périmètre protection MH (AC1) – 51','GetFeature', 'WFS', null, 'MD_4092', 'http://atlas.patrimoines.culture.fr/cgi-bin/mapserv', '1.1.0', true, 'categorie', true, 'ms'),
(52, '/home/atlas-mapserver/production/var/data/MD_4094/MD_4094.map','text/xml; subtype=gml/3.1.1', 'Périmètre protection MH (AC1) – 52','GetFeature', 'WFS', null, 'MD_4094', 'http://atlas.patrimoines.culture.fr/cgi-bin/mapserv', '1.1.0', true, 'categorie', true, 'ms'),
(53, '/home/atlas-mapserver/production/var/data/MD_4098/MD_4098.map','text/xml; subtype=gml/3.1.1', 'Périmètre protection MH (AC1) – 54','GetFeature', 'WFS', null, 'MD_4098', 'http://atlas.patrimoines.culture.fr/cgi-bin/mapserv', '1.1.0', true, 'categorie', true, 'ms'),
(54, '/home/atlas-mapserver/production/var/data/MD_4100/MD_4100.map','text/xml; subtype=gml/3.1.1', 'Périmètre protection MH (AC1) – 55','GetFeature', 'WFS', null, 'MD_4100', 'http://atlas.patrimoines.culture.fr/cgi-bin/mapserv', '1.1.0', true, 'categorie', true, 'ms'),
(55, '/home/atlas-mapserver/production/var/data/MD_4103/MD_4103.map','text/xml; subtype=gml/3.1.1', 'Périmètre protection MH (AC1) – 57','GetFeature', 'WFS', null, 'MD_4103', 'http://atlas.patrimoines.culture.fr/cgi-bin/mapserv', '1.1.0', true, 'categorie', true, 'ms'),
(56, '/home/atlas-mapserver/production/var/data/MD_4007/MD_4007.map','text/xml; subtype=gml/3.1.1', 'Périmètre protection MH (AC1) – 67','GetFeature', 'WFS', null, 'MD_4007', 'http://atlas.patrimoines.culture.fr/cgi-bin/mapserv', '1.1.0', true, 'categorie', true, 'ms'),
(57, '/home/atlas-mapserver/production/var/data/MD_4010/MD_4010.map','text/xml; subtype=gml/3.1.1', 'Périmètre protection MH (AC1) – 68','GetFeature', 'WFS', null, 'MD_4010', 'http://atlas.patrimoines.culture.fr/cgi-bin/mapserv', '1.1.0', true, 'categorie', true, 'ms'),
(58, '/home/atlas-mapserver/production/var/data/MD_4135/MD_4135.map','text/xml; subtype=gml/3.1.1', 'Périmètre protection MH (AC1) – 88','GetFeature', 'WFS', null, 'MD_4135', 'http://atlas.patrimoines.culture.fr/cgi-bin/mapserv', '1.1.0', true, 'categorie', true, 'ms'),

(59, '/home/atlas-mapserver/production/var/data/MD_4030/MD_4030.map','text/xml; subtype=gml/3.1.1', 'Site patrimonial remarquable – 08','GetFeature', 'WFS', null, 'MD_4030', 'http://atlas.patrimoines.culture.fr/cgi-bin/mapserv', '1.1.0', true, 'type', true, 'ms'),
(60, '/home/atlas-mapserver/production/var/data/MD_4034/MD_4034.map','text/xml; subtype=gml/3.1.1', 'Site patrimonial remarquable – 10','GetFeature', 'WFS', null, 'MD_4034', 'http://atlas.patrimoines.culture.fr/cgi-bin/mapserv', '1.1.0', true, 'type', true, 'ms'),
(61, '/home/atlas-mapserver/production/var/data/MD_4093/MD_4093.map','text/xml; subtype=gml/3.1.1', 'Site patrimonial remarquable – 51','GetFeature', 'WFS', null, 'MD_4093', 'http://atlas.patrimoines.culture.fr/cgi-bin/mapserv', '1.1.0', true, 'type', true, 'ms'),
(62, '/home/atlas-mapserver/production/var/data/MD_4095/MD_4095.map','text/xml; subtype=gml/3.1.1', 'Site patrimonial remarquable – 52','GetFeature', 'WFS', null, 'MD_4095', 'http://atlas.patrimoines.culture.fr/cgi-bin/mapserv', '1.1.0', true, 'type', true, 'ms'),
(63, '/home/atlas-mapserver/production/var/data/MD_4099/MD_4099.map','text/xml; subtype=gml/3.1.1', 'Site patrimonial remarquable – 54','GetFeature', 'WFS', null, 'MD_4099', 'http://atlas.patrimoines.culture.fr/cgi-bin/mapserv', '1.1.0', true, 'type', true, 'ms'),
(73, '/home/atlas-mapserver/production/var/data/MD_4101/MD_4101.map','text/xml; subtype=gml/3.1.1', 'Site patrimonial remarquable – 55','GetFeature', 'WFS', null, 'MD_4101', 'http://atlas.patrimoines.culture.fr/cgi-bin/mapserv', '1.1.0', true, 'type', true, 'ms'),
(64, '/home/atlas-mapserver/production/var/data/MD_4107/MD_4107.map','text/xml; subtype=gml/3.1.1', 'Site patrimonial remarquable – 57','GetFeature', 'WFS', null, 'MD_4107', 'http://atlas.patrimoines.culture.fr/cgi-bin/mapserv', '1.1.0', true, 'type', true, 'ms'),
(65, '/home/atlas-mapserver/production/var/data/MD_4009/MD_4009.map','text/xml; subtype=gml/3.1.1', 'Site patrimonial remarquable – 67','GetFeature', 'WFS', null, 'MD_4009', 'http://atlas.patrimoines.culture.fr/cgi-bin/mapserv', '1.1.0', true, 'type', true, 'ms'),
(66, '/home/atlas-mapserver/production/var/data/MD_4011/MD_4011.map','text/xml; subtype=gml/3.1.1', 'Site patrimonial remarquable – 68','GetFeature', 'WFS', null, 'MD_4011', 'http://atlas.patrimoines.culture.fr/cgi-bin/mapserv', '1.1.0', true, 'type', true, 'ms'),
(67, '/home/atlas-mapserver/production/var/data/MD_4136/MD_4136.map','text/xml; subtype=gml/3.1.1', 'Site patrimonial remarquable – 88','GetFeature', 'WFS', null, 'MD_4136', 'http://atlas.patrimoines.culture.fr/cgi-bin/mapserv', '1.1.0', true, 'type', true, 'ms'),

(68, '/opt/data/carto/geoide-catalogue/1.4/org_5443264/77fad825-56b8-4367-97b8-877c705f5141.internet.map','text/xml; subtype=gml/3.1.1', 'PNR','GetFeature', 'WFS', null, 'PNR_S_R44', 'http://ogc.geo-ide.developpement-durable.gouv.fr/wxs', '1.1.0', true, 'NOM_SITE', true, 'ms'),
(69, '/opt/data/carto/geoide-catalogue/1.4/org_5443264/9e56f357-ebe4-4ca2-8f72-8a929c12d64c.internet.map','text/xml; subtype=gml/3.1.1', 'Réserve naturelle','GetFeature', 'WFS', null, 'N_ENP_RNN_S_R44', 'http://ogc.geo-ide.developpement-durable.gouv.fr/wxs', '1.1.0', true, 'NOM_SITE', true, 'ms'),
(70, '/opt/data/carto/geoide-catalogue/1.4/org_5443264/773bcbe2-4c5c-4b2c-89b9-d5b802e4a8fd.internet.map','text/xml; subtype=gml/3.1.1', 'Natura 2000 – ZSC','GetFeature', 'WFS', null, 'NATURA2000_ZSC_S_R44', 'http://ogc.geo-ide.developpement-durable.gouv.fr/wxs', '1.1.0', true, 'STATUT', true, 'ms'),
(71, '/opt/data/carto/geoide-catalogue/1.4/org_5443264/4f1a3cfc-0fa8-4ff8-ab60-3f66381122f7.internet.map','text/xml; subtype=gml/3.1.1', 'Natura 2000 – ZPS','GetFeature', 'WFS', null, 'NATURA2000_ZPS_S_R44', 'http://ogc.geo-ide.developpement-durable.gouv.fr/wxs', '1.1.0', true, 'NOM_SITE', true, 'ms');



INSERT INTO layer_departements(
	layer_id, departements_code)
	VALUES
	(12,8),
(13,10),
(14,51),
(15,52),
(16,54),
(17,55),
(18,57),
(19,67),
(20,68),
(21,88),
(22,8),
(23,10),
(24,52),
(25,54),
(26,55),
(27,57),
(28,67),
(29,68),
(30,88),
(31,8),
(32,10),
(33,51),
(34,52),
(35,54),
(36,57),
(37,67),
(38,68),
(39,88),
(40,8),
(41,10),
(42,51),
(43,52),
(44,54),
(45,55),
(46,57),
(47,67),
(48,68),
(49,88),
(50,8),
(51,10),
(52,52),
(53,54),
(54,55),
(55,57),
(56,67),
(57,68),
(58,88),
(59,8),
(60,10),
(61,51),
(62,52),
(63,54),
(64,57),
(65,67),
(66,68),
(67,88),
(72,51),
(73,55),
(74,55),
(75,51);

-- linked to implied procedure 'Amende Administative'
insert into "infrigement"
    (id, code_article_reprimand, code_article, offense_nature, natinf_code, implied_procedure_id)
    values
    (1,'ART.R.581-87 AL.1, ART.L.581-36, ART.L.581-39, ART.L.581-41 C.ENVIR.','ART.R.581-87 4°, ART.L.581-5, ART.L.581-19 AL.1, ART.L.581-35 C.ENVIR.','Apposition d''une publicité ou préenseigne ne comportant pas les références du responsable','2336',3),
    (2,'ART.R.581-86 AL.1, ART.L.581-39, ART.L.581-36 C.ENVIR.','ART.R.581-86 1°,ART.L.581-24 C.ENVIR.','Apposition de publicité ou préenseigne sur un immeuble sans autorisation écrite du propriétaire','2460',3),
    (3,'ART.L.581-34 §I, §III, ART.L.581-36, ART.L.581-41, ART.L.173-5 2°, ART.L.173-7 C.ENVIR.','ART.L.581-34 §I 1°, ART.L.581-4 §I 1°, ART.L.581-19 AL.1 C.ENVIR.','Apposition d''une publicité ou d''une préenseigne sur un immeuble classé parmi les monuments historiques ou inscrits à l''inventaire supplémentaire','5867',3),
    (4,'ART.L.581-34 §I, §III, ART.L.581-36, ART.L.581-41, ART.L.173-5 2°, ART.L.173-7 C.ENVIR.','ART.L.581-34 §I 1°, ART.L.581-4 §I 2°, ART.L.581-19 AL.1, ART.R.581-22 §I 1° C.ENVIR.','Apposition d''une publicité ou d''une préenseigne sur un monument naturel','5869',3),
    (5,'ART.L.581-34 §I, §III, ART.L.581-36, ART.L.581-41,ART.L.173-5 2°, ART.L.173-7 C.ENVIR.','ART.L.581-34 §I 1°, ART.L.581-4 §I 2°, ART.L.581-19 AL.1, ART.L.341-1 C.ENVIR.','Apposition d''une publicité ou d''une préenseigne dans un site classé','5871',3),
    (6,'ART.L.581-34 §I, §III, ART.L.581-36, ART.L.581-41, ART.L.173-5 2°, ART.L.173-7 C.ENVIR.','ART.L.581-34 §I 1°, ART.L.581-4 §I 3°, ART.L.581-19 AL.1, ART.L.331-1 C.ENVIR.','Apposition d''une publicité ou d''une préenseigne dans le cœur d''un parc national','5873',3),
    (7,'ART.L.581-34 §I,§III, ART.L.581-36, ART.L.581-41,ART.L.173-5 2°, ART.L.173-7 C.ENVIR.','ART.L.581-34 §I 1°, ART.L.581-4 §I 3°, ART.L.581-19 AL.1, ART.L.332-14 C.ENVIR.','Apposition d''une publicité ou d''une préenseigne dans une réserve naturelle','5875',3),
    (8,'ART.L.581-34 §I,§III, ART.L.581-36, ART.L.581-41,ART.L.173-5 2°, ART.L.173-7 C.ENVIR.','ART.L.581-34 §I 1°, ART.L.581-4 §I 4°, ART.L.581-19 AL.1 C.ENVIR.','Apposition d''une publicité ou d''une préenseigne sur un arbre','5877',3),
    (9,'ART.L.581-34 §I, §III, ART.L.581-36, ART.L.581-41, ART.L.173-5 2°, ART.L.173-7 C.ENVIR.','ART.L.581-34 §I 1°, ART.L.581-4 §II, ART.L.581-19 AL.1 C.ENVIR.','Apposition d''une publicité ou d''une préenseigne sur un immeuble protégé par arrêté','5879',3),
    (10,'ART.L.581-34 §I, §III, ART.L.581-36, ART.L.173-5, ART.L.173-7 C.ENVIR.','ART.L.581-34 §I 2°, ART.L.581-6, ART.L.581-19 AL.2, ART.R.581-6 AL.1,AL.2, ART.R.581-8 C.ENVIR.','Installation sans déclaration préalable de dispositif supportant une publicité ou une préenseigne','23956',3),
    (11,'ART.L.581-34 §I, §III, ART.L.581-36, ART.L.173-5, ART.L.173-7 C.ENVIR.','ART.L.581-34 §I 2°, ART.L.581-6, ART.L.581-19 AL.2, ART.R.581-6 AL.1,AL.2, ART.R.581-8 C.ENVIR.','Fausse déclaration pour l''installation, le remplacement ou la modification de dispositif supportant une publicité ou une préenseigne','23959',3),
    -- not linked to implied procedure 'Amende Administative'
    (157,'ART.R.581-87 AL.1, ART.L.581-36, ART.L.581-39, ART.L.581-41 C.ENVIR.','ART.R.581-87 4°, ART.L.581-5, ART.L.581-19 AL.1, ART.L.581-27 C.ENVIR.', 'Maintien après mise en demeure d''une publicité ou préenseigne ne comportant pas les références du responsable','2337',null),
    (158,'ART.R.581-87 AL.1, ART.L.581-36, ART.L.581-39 C.ENVIR.','ART.R.581-87 2°, ART.R.581-26 §I,§II, ART.L.581-3 1° C.ENVIR.', 'Apposition d''une publicité non lumineuse sur un mur ou une clôture non conforme par ses dimensions ou son emplacement sur le support','2379',null),
    (159,'ART.R.581-87 AL.1, ART.L.581-36, ART.L.581-39 C.ENVIR.','ART.R.581-87 2°, ART.R.581-26 §I, §II, ART.L.581-27, ART.L.581-3 1° C.ENVIR.', 'Maintien, après mise en demeure, d''une publicité non lumineuse sur un mur ou une clôture non conforme par ses dimensions ou son emplacement sur le support','2382',null),
    (160,'ART.R.581-87 AL.1, ART.L.581-39, ART.L.581-36 C.ENVIR.','ART.R.581-87 1°, ART.R.581-31 AL.1,ART.L.581-27, ART.L.581-3 1° C.ENVIR.', 'Maintien après mise en demeure de dispositif publicitaire non lumineux au sol dans une agglomération de moins de 10 000 habitants ne faisant pas partie d''une unité urbaine de plus de 100 000 habitants','2383',null),
    (161,'ART.R.581-87 AL.1, ART.L.581-36, ART.L.581-39 C.ENVIR.','ART.R.581-87 1°, ART.R.581-30 1°, ART.L.581-27, ART.L.581-3 1° C.ENVIR. ART.L.130-1 C.URBANISME', 'Maintien, après mise en demeure, de dispositif publicitaire non lumineux au sol dans un espace boisé classé','2384',null),
    (162,'ART.R.581-87 AL.1, ART.L.581-36, ART.L.581-39 C.ENVIR.','ART.R.581-87 1°, ART.R.581-30 2°, ART.L.581-3 1° C.ENVIR', 'Installation de dispositif publicitaire non lumineux au sol dans une zone à protéger figurant sur un plan local d''urbanisme ou sur un plan d''occupation des sols','2385',null),
    (163,'ART.R.581-87 AL.1, ART.L.581-39, ART.L.581-36 C.ENVIR.','ART.R.581-87 1°, ART.R.581-30 2°, ART.L.581-27, ART.L.581-3 1° C.ENVIR. - Réprimé par : ART.R.581-87 AL.1, ART.L.581-39, ART.L.581-36 C.ENVIR.', 'Maintien, après mise en demeure, d''un dispositif publicitaire non lumineux au sol dans la zone à protéger figurant sur un plan local d''urbanisme ou sur un plan d''occupation des sols','2386',null),
    (164,'ART.R.581-87 AL.1, ART.L.581-36, ART.L.581-39 C.ENVIR.','ART.R.581-87 1°, ART.R.581-31 AL.1, ART.L.581-3 1° C.ENVIR', 'Installation de dispositif publicitaire non lumineux au sol dans une agglomération de moins de 10 000 habitants ne faisant pas partie d''une unité urbaine de plus de 100 000 habitants','2387',null),
    (12,'ART.R.581-87 AL.1, ART.L.581-39, ART.L.581-36 C.ENVIR.','ART.R.581-87 1°, ART.R.581-30 1°, ART.L.581-3 1° C.ENVIR. ART.L.130-1 C.URBANISME','Installation de dispositif publicitaire non lumineux au sol dans un espace boisé classé','2388', null),
    (13,'ART.R.581-87 AL.1, ART.L.581-39, ART.L.581-36 C.ENVIR.','ART.R.581-87 1°, ART.R.581-31 AL.2, AL.1, ART.L.581-3 1° C.ENVIR.','Installation de dispositif publicitaire non lumineux au sol visible d''une route située hors agglomération','2389', null),
    (14,'ART.R.581-87 AL.1, ART.L.581-39, ART.L.581-36 C.ENVIR.','ART.R.581-87 1°, ART.R.581-31 AL.2,AL.1, ART.L.581-27, ART.L.581-3 1° C.ENVIR','Maintien après mise en demeure de dispositif publicitaire non lumineux au sol visible d''une route située hors agglomération','2434', null),
    (15,'ART.R.581-87 AL.1, ART.L.581-36, ART.L.581-39 C.ENVIR.','ART.R.581-87 2°, ART.R.581-32, ART.L.581-3 1° C.ENVIR.','Installation de dispositif publicitaire non lumineux au sol de dimension non autorisée','2442', null),
    (16,'ART.R.581-87 AL.1, ART.L.581-36, ART.L.581-39 C.ENVIR.','ART.R.581-87 2°, ART.R.581-32, ART.L.581-27, ART.L.581-3 1° C.ENVIR.','Maintien après mise en demeure de dispositif publicitaire non lumineux au sol de dimension non autorisée','2449', null),
    (17,'ART.R.581-87 AL.1, ART.L.581-39, ART.L.581-36 C.ENVIR.','ART.R.581-87 3°, ART.L.581-44 AL.3 C.ENVIR.','Apposition d''un dispositif publicitaire non lumineux au sol non conforme à l''autorisation','2450', null),
    (18,'ART.R.581-87 AL.1, ART.L.581-39, ART.L.581-36 C.ENVIR.','ART.R.581-87 3°, ART.L.581-44 AL.3, ART.L.581-27 C.ENVIR.','Maintien, après mise en demeure, d''un dispositif publicitaire non lumineux au sol non conforme à l''autorisation','2451', null),
    (19,'ART.R.581-87 AL.1, ART.L.581-39, ART.L.581-36 C.ENVIR.','ART.R.581-87 3°,ART.L.581-44 AL.3 C.ENVIR.','Apposition d''un dispositif publicitaire non lumineux au sol sans autorisation','2452', null),
    (20,'ART.R.581-87 AL.1, ART.L.581-39, ART.L.581-36 C.ENVIR.','ART.R.581-87 3°, ART.L.581-44 AL.3, ART.L.581-27 C.ENVIR.','Maintien, après mise en demeure, d''un dispositif publicitaire non lumineux au sol sans autorisation','2453', null),
    (21,'ART.R.581-86 AL.1, ART.L.581-39, ART.L.581-36 C.ENVIR.','ART.R.581-86 2°, ART.R.581-24, ART.L.581-3 1° C.ENVIR.','Défaut d''entretien d''une publicité ou d''un dispositif publicitaire par l''exploitant','2461', null),
    (22,'ART.R.581-86 AL.1, ART.L.581-39, ART.L.581-36 C.ENVIR.','ART.R.581-86 2°, ART.R.581-19 AL.1 C.ENVIR.','Apposition de publicité non lumineuse sur un mur sans suppression préalable des anciennes publicités','2462', null),
    (23,'ART.R.581-85, ART.L.581-39, ART.L.581-36 C.ENVIR.','ART.R.581-85, ART.R.581-58 AL.2, ART.R.581-70 AL.1, ART.L.581-18 AL.1, ART.L.581-3 2° C.ENVIR.','Défaut d''entretien d''une enseigne par l''exploitant','2463', null),
    (24,'ART.L.581-34 §I,§III, ART.L.581-36, ART.L.581-41, ART.L.173-7 C.ENVIR.','ART.L.581-34 §I 1°, ART.L.581-15, ART.R.581-48 AL.1 C.ENVIR.','Stationnement de véhicule publicitaire dans un lieu visible d''une voie ouverte à la circulation publique','5703', null),
    (25,'ART.L.581-34 §I,§III, ART.L.581-36, ART.L.581-41, ART.L.173-7 C.ENVIR.','ART.L.581-34 §I 1°, ART.L.581-15, ART.R.581-48 AL.1, AL.2 C.ENVIR.','Circulation en convoi de véhicules publicitaires','5704', null),
    (26,'ART.L.581-34 §I, §III, ART.L.581-36, ART.L.581-41, ART.L.173-7 C.ENVIR.','ART.L.581-34 §I 1°, ART.L.581-15, ART.R.581-48 AL.1, AL.2 C.ENVIR.','Circulation à une vitesse anormalement réduite avec un véhicule publicitaire','5705', null),
    (27,'ART.L.581-34 §I, §III, ART.L.581-36, ART.L.581-41, ART.L.173-7 C.ENVIR.','ART.L.581-34 §I 1°, ART.L.581-15, ART.R.581-48 AL.1, AL.3 C.ENVIR.','Apposition de publicité non conforme sur un véhicule publicitaire','5706', null),
    (28,'ART.L.581-34 §I,§III, ART.L.581-36, ART.L.581-41, ART.L.173-5 2°, ART.L.173-7 C.ENVIR.','ART.L.581-34 §I 1°, ART.L.581-4 §I 1°, ART.L.581-19 AL.1 C.ENVIR.','Maintien après mise en demeure d''une publicité ou d''une préenseigne sur un immeuble classé parmi les monuments historiques ou inscrits à l''inventaire supplémentaire','5868', null),
    (29,'ART.L.581-34 §I, §III, ART.L.581-36, ART.L.581-41, ART.L.173-5 2°, ART.L.173-7 C.ENVIR.','ART.L.581-34 §I 1°, ART.L.581-4 §I 2°, ART.L.581-19 AL.1, ART.R.581-22 §I 1° C.ENVIR.','Maintien après mise en demeure d''une publicité ou d''une préenseigne sur un monument naturel','5870', null),
    (30,'ART.L.581-34 §I, §III, ART.L.581-36, ART.L.581-41, ART.L.173-5 2°, ART.L.173-7 C.ENVIR.','ART.L.581-34 §I 1°, ART.L.581-4 §I 2°, ART.L.581-19 AL.1, ART.L.341-1 C.ENVIR.','Maintien après mise en demeure d''une publicité ou d''une préenseigne dans un site classé','5872', null),
    (31,'ART.L.581-34 §I,§III, ART.L.581-36, ART.L.581-41, ART.L.173-5 2°, ART.L.173-7 C.ENVIR.','ART.L.581-34 §I 1°, ART.L.581-4 §I 3°, ART.L.581-19 AL.1, ART.L.331-1 C.ENVIR.','Maintien après mise en demeure d''une publicité ou d''une préenseigne dans le cœur d''un parc national','5874', null),
    (32,'ART.L.581-34 §I,§III, ART.L.581-36, ART.L.581-41, ART.L.173-5 2°, ART.L.173-7 C.ENVIR.','ART.L.581-34 §I 1°, ART.L.581-4 §I 3°, ART.L.581-19 AL.1, ART.L.332-14 C.ENVIR.','Maintien après mise en demeure d''une publicité ou d''une préenseigne dans une réserve naturelle','5876', null),
    (33,'ART.L.581-34 §I,§III, ART.L.581-36, ART.L.581-41,ART.L.173-5 2°, ART.L.173-7 C.ENVIR.','ART.L.581-34 §I 1°, ART.L.581-4 §I 4°, ART.L.581-19 AL.1 C.ENVIR.','Maintien après mise en demeure d''une publicité ou d''une préenseigne sur un arbre','5878', null),
    (34,'ART.L.581-34 §I, §III, ART.L.581-36, ART.L.581-41, ART.L.173-5 2°, ART.L.173-7 C.ENVIR.','ART.L.581-34 §I 1°, ART.L.581-4 §II, ART.L.581-19 AL.1 C.ENVIR.','Maintien après mise en demeure d''une publicité ou d''une préenseigne sur un immeuble protégé par arrêté','5880', null),
    (35,'ART.L.581-34 §I, §III, ART.L.581-36, ART.L.581-41, ART.L.173-5 2°, ART.L.173-7 C.ENVIR.','ART.L.581-34 §I 1°, ART.L.581-7, ART.L.581-19 AL.1 C.ENVIR.','Apposition d''une publicité ou d''une préenseigne dans un lieu interdit hors agglomération','5881', null),
    (36,'ART.L.581-34 §I,§III, ART.L.581-36, ART.L.581-41,ART.L.173-5 2°, ART.L.173-7 C.ENVIR.','ART.L.581-34 §I 1°, ART.L.581-7, ART.L.581-19 AL.1 C.ENVIR.','Maintien après mise en demeure d''une publicité ou d''une préenseigne dans un lieu interdit hors agglomération','5882', null),
    (37,'ART.L.581-34 §I, §III, ART.L.581-36, ART.L.581-41, ART.L.173-5 2°, ART.L.173-7 C.ENVIR.','ART.L.581-34 §I 2°, ART.L.581-7, ART.L.581-19 AL.1 C.ENVIR.','Apposition dans un lieu autorise hors agglomération d''une publicité ou préenseigne non conforme','5883', null),
    (38,'ART.L.581-34 §I, §III, ART.L.581-36, ART.L.581-41, ART.L.173-5 2°, ART.L.173-7 C.ENVIR.','ART.L.581-34 §I 2°, ART.L.581-7, ART.L.581-19 AL.1 C.ENVIR.','Maintien après mise en demeure, dans un lieu autorise hors agglomération d''une publicité ou préenseigne non conforme','5884', null),
    (39,'ART.L.581-34 §I, §III, ART.L.581-36, ART.L.581-41,ART.L.173-5 2°, ART.L.173-7 C.ENVIR.','ART.L.581-34 §I 1°, ART.L.581-8 §I 1°, ART.L.581-19 AL.1 C.ENVIR.','Apposition d''une publicité ou d''une préenseigne dans une zone de protection d''un monument historique ou d''un site classé en agglomération','5885', null),
    (40,'ART.L.581-34 §I, §III, ART.L.581-36, ART.L.581-41, ART.L.173-5 2°, ART.L.173-7 C.ENVIR.','ART.L.581-34 §I 1°, ART.L.581-8 §I 1°, ART.L.581-19 AL.1 C.ENVIR.','Maintien après mise en demeure d''une publicité ou d''une préenseigne dans une zone de protection d''un monument historique ou d''un site classé en agglomération','5886', null),
    (41,'ART.L.581-34 §I, §III, ART.L.581-36, ART.L.581-41, ART.L.173-5 2°, ART.L.173-7 C.ENVIR.','ART.L.581-34 §I 1°, ART.L.581-8 §I 2°, ART.L.581-19 AL.1 C.ENVIR.','Apposition d''une publicité ou d''une préenseigne dans un site patrimonial remarquable d''une agglomération','5887', null),
    (42,'ART.L.581-34 §I, §III, ART.L.581-36, ART.L.581-41,ART.L.173-5 2°, ART.L.173-7 C.ENVIR.','ART.L.581-34 §I 1°, ART.L.581-8 §I 2°, ART.L.581-19 AL.1 C.ENVIR.','Maintien après mise en demeure d''une publicité ou d''une préenseigne dans un site patrimonial remarquable d''une agglomération','5888', null),
    (43,'ART.L.581-34 §I, §III, ART.L.581-36, ART.L.581-41, ART.L.173-5 2°, ART.L.173-7 C.ENVIR.','ART.L.581-34 §I 1°, ART.L.581-8 §I 3°, ART.L.581-19 AL.1 C.ENVIR.','Apposition d''une publicité ou d''une préenseigne dans un parc naturel régional en agglomération','5889', null),
    (44,'ART.L.581-34 §I, §III, ART.L.581-36, ART.L.581-41, ART.L.173-5 2°, ART.L.173-7 C.ENVIR.','ART.L.581-34 §I 1°, ART.L.581-8 §I 3°, ART.L.581-19 AL.1 C.ENVIR.','Maintien après mise en demeure d''une publicité ou d''une préenseigne dans un parc naturel régional en agglomération','5890', null),
    (45,'ART.L.581-34 §I,§III, ART.L.581-36, ART.L.581-41,ART.L.173-5 2°, ART.L.173-7 C.ENVIR.','ART.L.581-34 §I 1°, ART.L.581-8 §I 4°, ART.L.581-19 AL.1 C.ENVIR.','Apposition de publicité ou préenseigne en agglomération dans un site inscrit à l''inventaire ou dans sa zone de protection','5893', null),
    (46,'ART.L.581-34 §I,§III, ART.L.581-36, ART.L.581-41, ART.L.173-5 2°, ART.L.173-7 C.ENVIR.','ART.L.581-34 §I 1°, ART.L.581-8 §I 4°, ART.L.581-19 AL.1 C.ENVIR.','Maintien après mise en demeure d''une publicité ou préenseigne en agglomération dans un site inscrit à l''inventaire ou dans sa zone de protection','5894', null),
    (47,'ART.L.581-34 §I, §III, ART.L.581-36, ART.L.581-41, ART.L.173-5 2°, ART.L.173-7 C.ENVIR.','ART.L.581-34 §I 1°, ART.L.581-8 §I 5°, ART.L.581-4 §II, ART.L.581-19 AL.1 C.ENVIR.','Apposition de publicité ou préenseigne en agglomération près d''un immeuble protégé par arrêté','5897', null),
    (48,'ART.L.581-34 §I, §III, ART.L.581-36, ART.L.581-41, ART.L.173-5 2°, ART.L.173-7 C.ENVIR.','ART.L.581-34 §I 1°, ART.L.581-8 §I 5°, ART.L.581-4 §II, ART.L.581-19 AL.1 C.ENVIR.','Maintien de publicité ou préenseigne en agglomération près d''un immeuble protégé par arrêté','5898', null),
    (49,'ART.L.581-34 §I,§III, ART.L.581-36, ART.L.581-41, ART.L.173-5 2°, ART.L.173-7 C.ENVIR.','ART.L.581-34 §I 2°, ART.L.581-8 §II, ART.L.581-13, ART.L.581-19 AL.1, ART.R.581-4 C.ENVIR.','Apposition en agglomération de publicité ou préenseigne associative non conforme à l''autorisation','5899', null),
    (50,'ART.L.581-34 §I, §III, ART.L.581-36, ART.L.581-41, ART.L.173-5 2°, ART.L.173-7 C.ENVIR.','ART.L.581-34 §I 2°, ART.L.581-8 §II, ART.L.581-13, ART.L.581-19 AL.1, ART.R.581-4 C.ENVIR.','Maintien après mise en demeure en agglomération de publicité ou préenseigne associative non conforme à l''autorisation','5900', null),
    (51,'ART.L.581-34 §I, §III, ART.L.581-36, ART.L.581-41,ART.L.173-5 2°, ART.L.173-7 C.ENVIR.','ART.L.581-34 §I 2°, ART.L.581-9 AL.3, ART.L.581-19, ART.R.581-15 C.ENVIR.','Apposition non autorisée d''un dispositif de publicité lumineuse en agglomération','5901', null),
    (52,'ART.L.581-34 §I, §III, ART.L.581-36, ART.L.581-41, ART.L.173-5 2°, ART.L.173-7 C.ENVIR.','ART.L.581-34 §I 2°, ART.L.581-9 AL.3, ART.L.581-19, ART.R.581-15 C.ENVIR.','Maintien après mise en demeure d''un dispositif de publicité lumineuse appose sans autorisation en agglomération','5902', null),
    (53,'ART.L.581-34 §I, §III, ART.L.581-36, ART.L.581-41, ART.L.173-5 2°, ART.L.173-7 C.ENVIR.','ART.L.581-34 §I 2°, ART.L.581-18 AL.3, ART.L.581-4 1°, ART.R.581-16 C.ENVIR.','Apposition non autorisée d''une enseigne sur un immeuble classé parmi les monuments historiques ou inscrit à l''inventaire supplémentaire','5903', null),
    (54,'ART.L.581-34 §I,§III, ART.L.581-36, ART.L.581-41,ART.L.173-5 2°, ART.L.173-7 C.ENVIR.','ART.L.581-34 §I 2°, ART.L.581-18 AL.3, ART.L.581-4 §I 1°, ART.R.581-16 C.ENVIR.','Maintien après mise en demeure d''une enseigne apposée sans autorisation sur un immeuble classé parmi les monuments historiques ou inscrit à l''inventaire supplémentaire','5904', null),
    (55,'ART.L.581-34 §I,§III, ART.L.581-36, ART.L.581-41, ART.L.173-5 2°, ART.L.173-7 C.ENVIR.','ART.L.581-34 §I 2°, ART.L.581-18 AL.3, ART.L.581-4 §I 2°, ART.R.581-16 C.ENVIR.','Apposition non autorisée d''une enseigne sur un monument naturel','5905', null),
    (56,'ART.L.581-34 §I,§III, ART.L.581-36, ART.L.581-41, ART.L.173-5 2°, ART.L.173-7 C.ENVIR.','ART.L.581-34 §I 2°, ART.L.581-18 AL.3, ART.L.581-4 §I 2°, ART.R.581-16 C.ENVIR.','Maintien après mise en demeure d''une enseigne apposée sur un monument naturel sans autorisation','5906', null),
    (57,'ART.L.581-34 §I,§III, ART.L.581-36, ART.L.581-41, ART.L.173-5 2°, ART.L.173-7 C.ENVIR.','ART.L.581-34 §I 2°, ART.L.581-18 AL.3, ART.L.581-4 §I 2°, ART.R.581-16 C.ENVIR.','Apposition non autorisée d''une enseigne dans un site classé','5907', null),
    (58,'ART.L.581-34 §I,§III, ART.L.581-36, ART.L.581-41, ART.L.173-5 2°, ART.L.173-7 C.ENVIR.','ART.L.581-34 §I 2°, ART.L.581-18 AL.3, ART.L.581-4 §I 2°, ART.R.581-16 C.ENVIR.','Maintien après mise en demeure d''une enseigne apposée sans autorisation dans un site classé','5908', null),
    (59,'ART.L.581-34 §I,§III, ART.L.581-36, ART.L.581-41, ART.L.173-5 2°, ART.L.173-7 C.ENVIR.','ART.L.581-34 §I 2°, ART.L.581-18 AL.3, ART.L.581-4 §I 3°, ART.R.581-16 C.ENVIR.','Apposition non autorisée d''une enseigne dans le cœur d''un parc national ou dans une réserve naturelle','5909', null),
    (60,'ART.L.581-34 §I,§III, ART.L.581-36, ART.L.581-41, ART.L.173-5 2°, ART.L.173-7 C.ENVIR.','ART.L.581-34 §I 2°, ART.L.581-18 AL.3, ART.L.581-4 §I 3°, ART.R.581-16 C.ENVIR.','Maintien après mise en demeure d''une enseigne apposée sans autorisation dans le cœur d''un parc national ou dans une réserve naturelle','5910', null),
    (61,'ART.L.581-34 §I, §III, ART.L.581-36, ART.L.581-41, ART.L.173-5 2°, ART.L.173-7 C.ENVIR.','ART.L.581-34 §I 2°, ART.L.581-18 AL.3, ART.L.581-4 §I 4°, ART.R.581-16 C.ENVIR.','Apposition non autorisée d''une enseigne sur un arbre','5911', null),
    (62,'ART.L.581-34 §I, §III, ART.L.581-36, ART.L.581-41, ART.L.173-5 2°, ART.L.173-7 C.ENVIR.','ART.L.581-34 §I 2°, ART.L.581-18 AL.3, ART.L.581-4 §I 4°,ART.R.581-16 C.ENVIR.','Maintien après mise en demeure d''une enseigne apposée sur un arbre sans autorisation','5912', null),
    (63,'ART.L.581-34 §I, §III, ART.L.581-36, ART.L.581-41,ART.L.173-5 2°, ART.L.173-7 C.ENVIR.','ART.L.581-34 §I 2°, ART.L.581-18 AL.3, ART.L.581-4 §II, ART.R.581-16 C.ENVIR.','Apposition non autorisée d''une enseigne sur un immeuble protégé par arrêté','5913', null),
    (64,'ART.L.581-34 §I, §III, ART.L.581-36, ART.L.581-41, ART.L.173-5 2°, ART.L.173-7 C.ENVIR.','ART.L.581-34 §I 2°, ART.L.581-18 AL.3, ART.L.581-4 §II, ART.R.581-16 C.ENVIR.','Maintien après mise en demeure d''une enseigne apposée sans autorisation sur un immeuble protégé par arrêté','5914', null),
    (65,'ART.L.581-34 §I, §III, ART.L.581-36, ART.L.581-41, ART.L.173-5 2°, ART.L.173-7 C.ENVIR.','ART.L.581-34 §I 2°, ART.L.581-18 AL.3, ART.L.581-8 §I 1°, ART.R.581-16 C.ENVIR.','Apposition non autorisée d''une enseigne dans une zone protégeant un site ou monument classé en agglomération','5915', null),
    (66,'ART.L.581-34 §I, §III, ART.L.581-36, ART.L.581-41,ART.L.173-5 2°, ART.L.173-7 C.ENVIR.','ART.L.581-34 §I 2°, ART.L.581-18 AL.3, ART.L.581-8 §I 1°,ART.R.581-16 C.ENVIR.','Maintien après mise en demeure d''une enseigne apposée sans autorisation dans une zone protégeant un site ou monument classé en agglomération','5916', null),
    (67,'ART.L.581-34 §I, §III, ART.L.581-36, ART.L.581-41, ART.L.173-5 2°, ART.L.173-7 C.ENVIR.','ART.L.581-34 §I 2°, ART.L.581-18 AL.3, ART.L.581-8 §I 2°, ART.R.581-16 C.ENVIR.','Apposition non autorisée d''une enseigne dans un secteur sauvegarde d''une agglomération','5917', null),
    (68,'ART.L.581-34 §I, §III, ART.L.581-36, ART.L.581-41, ART.L.173-5 2°, ART.L.173-7 C.ENVIR.','ART.L.581-34 §I 2°, ART.L.581-18 AL.3, ART.L.581-8 §I 2°, ART.R.581-16 C.ENVIR.','Maintien après mise en demeure d''une enseigne apposée sans autorisation dans un secteur sauvegarde d''une agglomération','5918', null),
    (69,'ART.L.581-34 §I, §III, ART.L.581-36, ART.L.581-41,ART.L.173-5 2°, ART.L.173-7 C.ENVIR.','ART.L.581-34 §I 2°, ART.L.581-18 AL.3, ART.L.581-8 §I 3°, ART.R.581-16 C.ENVIR.','Apposition non autorisée d''une enseigne dans un parc naturel régional en agglomération','5919', null),
    (70,'ART.L.581-34 §I, §III, ART.L.581-36, ART.L.581-41, ART.L.173-5 2°, ART.L.173-7 C.ENVIR.','ART.L.581-34 §I 2°, ART.L.581-18 AL.3, ART.L.581-8 §I 3°, ART.R.581-16 C.ENVIR.','Maintien après mise en demeure d''une enseigne apposée sans autorisation dans un parc naturel régional en agglomération','5920', null),
    (71,'ART.L.581-34 §I, §III, ART.L.581-36, ART.L.581-41, ART.L.173-5 2°, ART.L.173-7 C.ENVIR.','ART.L.581-34 §I 2°, ART.L.581-18 AL.3, ART.L.581-8 §I 4°, ART.R.581-16 C.ENVIR.','Apposition non autorisée en agglomération d''enseigne dans un site inscrit à l''inventaire ou dans sa zone de protection','5921', null),
    (72,'ART.L.581-34 §I, §III, ART.L.581-36, ART.L.581-41, ART.L.173-5 2°, ART.L.173-7 C.ENVIR.','ART.L.581-34 §I 2°, ART.L.581-18 AL.3, ART.L.581-8 §I 4°, ART.R.581-16 C.ENVIR.','Maintien après mise en demeure d''enseigne apposée en agglomération dans un site inscrit à l''inventaire ou dans sa zone de protection','5922', null),
    (73,'ART.L.581-34 §I, §III, ART.L.581-36, ART.L.581-41, ART.L.173-5 2°, ART.L.173-7 C.ENVIR.','ART.L.581-34 §I 2°, ART.L.581-18 AL.3, ART.L.581-8 §I 5°, ART.L.581-4 §II C.ENVIR.','Apposition non autorisée d''enseigne en agglomération à moins de 100 mètres et dans le champ de visibilité d''un immeuble protégé par arrêté','5925', null),
    (74,'ART.L.581-34 §I, §III, ART.L.581-36, ART.L.581-41, ART.L.173-5 2°, ART.L.173-7 C.ENVIR.','ART.L.581-34 §I 2°, ART.L.581-18 AL.3, ART.L.581-8 §I 5°, ART.L.581-4 §II, ART.R.581-16 C.ENVIR.','Maintien après mise en demeure d''enseigne apposée en agglomération sans autorisation à moins de 100 mètres et dans le champ de visibilité d''un immeuble protégé par arrêté','5926', null),
    (75,'ART.L.581-34 §I, §III, ART.L.581-36, ART.L.581-41, ART.L.173-5 2°, ART.L.173-7 C.ENVIR.','ART.L.581-34 §I 2°, ART.L.581-18 AL.3, ART.L.581-21 C.ENVIR.','Apposition d''une enseigne non conforme à l''autorisation','5927', null),
    (76,'ART.L.581-34 §I, §III, ART.L.581-36, ART.L.581-41, ART.L.173-5 2°, ART.L.173-7 C.ENVIR.','ART.L.581-34 §I 2°, ART.L.581-18 AL.3, ART.L.581-21 C.ENVIR.','Maintien après mise en demeure d''une enseigne non conforme à l''autorisation','5928', null),
    (77,'ART.L.581-34 §I, §III, ART.L.581-36, ART.L.581-41, ART.L.173-5, ART.L.173-7 C.ENVIR.','ART.L.581-34 §I 1°, ART.L.581-8 §III, ART.L.581-19 AL.1, ART.R.581-36 1° C.ENVIR.','Apposition en agglomération de publicité ou préenseigne recouvrant tout ou partie d''une baie','5933', null),
    (78,'ART.L.581-34 §I,§III, ART.L.581-36, ART.L.581-41, ART.L.173-5, ART.L.173-7 C.ENVIR.','ART.L.581-34 §I 1°, ART.L.581-8 §III, ART.L.581-19 AL.1, ART.R.581-36 1° C.ENVIR.','Maintien après mise en demeure, en agglomération, de publicité ou préenseigne recouvrant tout ou partie d''une baie','5934', null),
    (79,'ART.L.581-34 §I, §III, ART.L.581-36, ART.L.581-41, ART.L.173-5, ART.L.173-7 C.ENVIR.','ART.L.581-34 §I 2°, ART.L.581-18 AL.3, ART.L.581-8 §III, ART.R.581-16 C.ENVIR.','Apposition non autorisée d''enseigne recouvrant tout ou partie d''une baie en agglomération','5937', null),
    (80,'ART.L.581-34 §I, §III, ART.L.581-36, ART.L.581-41, ART.L.173-5, ART.L.173-7 C.ENVIR.','ART.L.581-34 §I 2°, ART.L.581-18 AL.3, ART.L.581-8 §III, ART.R.581-16 C.ENVIR.','Maintien après mise en demeure d''enseigne recouvrant tout ou partie d''une baie apposée en agglomération','5938', null),
    (81,'ART.L.581-34 §II, §I, §III, ART.L.581-36, ART.L.581-41,ART.L.173-5, ART.L.173-7 C.ENVIR.','ART.L.581-34 §II, ART.L.581-43 C.ENVIR.','Maintien de publicité, enseigne ou préenseigne au-delà du délai de mise en conformité avec la loi','6149', null),
    (82,'ART.L.581-34 §I, §III, ART.L.581-36, ART.L.581-41, ART.L.173-7 C.ENVIR.','ART.L.581-34 §I 1°, ART.L.581-4 §I 2°, ART.L.581-15, ART.L.341-1, ART.R.581-48 AL.1,AL.3 C.ENVIR','Circulation de véhicule publicitaire dans un site classé','21932', null),
    (83,'ART.L.581-34 §I,§III, ART.L.581-36, ART.L.581-41, ART.L.173-7 C.ENVIR.','ART.L.581-34 §I 1°, ART.L.581-4 §I 3°, ART.L.581-15, ART.L.331-1, ART.R.581-48 AL.1, AL.3 C.ENVIR.','Circulation de véhicule publicitaire dans le cœur d''un parc national','21933', null),
    (84,'ART.L.581-34 §I, §III, ART.L.581-36, ART.L.581-41, ART.L.173-7 C.ENVIR.','ART.L.581-34 §I 1°, ART.L.581-4 §I 3°, ART.L.581-15, ART.R.581-48 AL.1, AL.3 C.ENVIR.','Circulation de véhicule publicitaire dans une réserve naturelle','21934', null),
    (85,'ART.L.581-34 §I, §III, ART.L.581-36, ART.L.581-41, ART.L.173-7 C.ENVIR.','ART.L.581-34 §I 1°, ART.L.581-15, ART.L.581-8 §I, ART.R.581-48 AL.1, AL.3 C.ENVIR.','Circulation de véhicule publicitaire en agglomération dans une zone ou la publicité est interdite','21936', null),
    (86,'ART.L.581-34 §II, §I, ART.L.581-41, ART.L.173-7 C.ENVIR.','ART.L.581-34 §II, ART.L.581-31, ART.L.581-27 C.ENVIR.','Opposition à l''exécution d''office des travaux sur une publicité, enseigne ou préenseigne irrégulière','23436', null),
    (87,'ART.L.581-34 §I, §III, ART.L.581-36, ART.L.173-5, ART.L.173-7 C.ENVIR.','ART.L.581-34 §I 2°, ART.L.581-6, ART.L.581-19 AL.2, ART.R.581-6 AL.1,AL.2, ART.R.581-8 C.ENVIR.','Remplacement sans déclaration préalable de dispositif supportant une publicité ou une préenseigne','23957', null),
    (88,'ART.L.581-34 §I, §III, ART.L.581-36, ART.L.173-5, ART.L.173-7 C.ENVIR.','ART.L.581-34 §I 2°, ART.L.581-6, ART.L.581-19 AL.2, ART.R.581-6 AL.1,AL.2, ART.R.581-8 C.ENVIR','Modification sans déclaration préalable de dispositif supportant une publicité ou une préenseigne','23958', null),
    (89,'ART.L.581-34 §I, §III, ART.L.581-36, ART.L.581-41, ART.L.173-5, ART.L.173-7 C.ENVIR.','ART.L.581-34 §I 1°, ART.L.331-1, ART.L.581-8 §I 7°, ART.L.581-19 AL.1 C.ENVIR.','Maintien après mise en demeure d''une publicité ou d''une préenseigne dans l''aire d''adhésion d''un parc national','25883', null),
    (90,'ART.L.581-34 §I, §III, ART.L.581-36, ART.L.581-41, ART.L.173-5, ART.L.173-7 C.ENVIR.','ART.L.581-34 §I 1°, ART.L.331-1, ART.L.581-8 §I 7°, ART.L.581-19 AL.1 C.ENVIR.','Apposition d''une publicité ou d''une préenseigne dans l''aire d''adhésion d''un parc national','25884', null),
    (91,'ART.L.581-34 §I,§III, ART.L.581-36, ART.L.581-41, ART.L.173-5, ART.L.173-7 C.ENVIR.','ART.L.581-34 §I 3°, ART.L.581-14, ART.L.581-7, ART.L.581-8 §I AL.9, ART.L.581-19 AL.1, ART.R.581-72,ART.R.581-74, ART.R.581-77 C.ENVIR.','Apposition de publicité ou préenseigne non conforme aux dispositions du règlement local de publicité','27951', null),
    (92,'ART.L.581-34 §I,§III, ART.L.581-36, ART.L.581-41, ART.L.173-5, ART.L.173-7 C.ENVIR.','ART.L.581-34 §I 3°, ART.L.581-14, ART.L.581-7, ART.L.581-8 §I AL.9, ART.L.581-19 AL.1, ART.R.581-72,ART.R.581-74, ART.R.581-77 C.ENVIR.','Maintien après mise en demeure de publicité ou préenseigne non conforme aux dispositions du règlement local de publicité','27952', null),
    (93,'ART.L.581-34 §I,§III, ART.L.581-36, ART.L.581-41, ART.L.173-5, ART.L.173-7 C.ENVIR.','ART.L.581-34 §I 3°, ART.L.581-18 AL.2, ART.L.581-14, ART.R.581-72,ART.R.581-74 C.ENVIR.','Apposition d''enseigne non conforme aux dispositions du règlement local de publicité','27953', null),
    (94,'ART.L.581-34 §I,§III, ART.L.581-36, ART.L.581-41, ART.L.173-5, ART.L.173-7 C.ENVIR.','ART.L.581-34 §I 3°, ART.L.581-18 AL.2, ART.L.581-14, ART.R.581-72,ART.R.581-74 C.ENVIR.','Maintien après mise en demeure d''enseigne non conforme aux dispositions du règlement local de publicité','27954', null),
    (95,'ART.L.581-34 §I, §III, ART.L.581-36, ART.L.581-41, ART.L.173-5, ART.L.173-7 C.ENVIR.','ART.L.581-34 §I 2°, ART.L.581-9 AL.2, ART.L.581-19, ART.R.581-19, ART.R.581-20, ART.R.581-53, ART.R.581-54, ART.R.581-55 C.ENVIR.','Apposition de bâche comportant de la publicité sur un emplacement non autorise en agglomération','27955', null),
    (96,'ART.L.581-34 §I, §III, ART.L.581-36, ART.L.581-41, ART.L.173-5, ART.L.173-7 C.ENVIR.','ART.L.581-34 §I 2°, ART.L.581-9 AL.2, ART.L.581-19, ART.R.581-19, ART.R.581-20, ART.R.581-53, ART.R.581-54, ART.R.581-55 C.ENVIR.','Maintien après mise en demeure de bâche comportant de la publicité apposée sur un emplacement non autorise en agglomération','27956', null),
    (97,'ART.L.581-34 §I, §III, ART.L.581-36, ART.L.581-41, ART.L.173-5, ART.L.173-7 C.ENVIR.','ART.L.581-34 §I 2°, ART.L.581-9 AL.2, ART.L.581-19, ART.R.581-21, ART.R.581-56 C.ENVIR.','Installation non autorisée en agglomération de dispositif publicitaire de dimension exceptionnelle lié à des manifestations temporaires','29107', null),
    (98,'ART.L.581-34 §I, §III, ART.L.581-36, ART.L.581-41, ART.L.173-5, ART.L.173-7 C.ENVIR.','ART.L.581-34 §I 2°, ART.L.581-9 AL.2, ART.L.581-19, ART.R.581-21, ART.R.581-56 C.ENVIR.','Maintien après mise en demeure de dispositif publicitaire de dimension exceptionnelle lié à des manifestations temporaires appose sans autorisation','29108', null),
    (99,'ART.R.581-87 AL.1, ART.L.581-39, ART.L.581-36 C.ENVIR.','ART.R.581-87 1°, ART.R.581-25, ART.L.581-3 1° C.ENVIR.','Installation de dispositif publicitaire au-delà de la densité maximale autorisée','29110', null),
    (100,'ART.R.581-87 AL.1, ART.L.581-39, ART.L.581-36 C.ENVIR.','ART.R.581-87 1°, ART.R.581-25, ART.L.581-27, ART.L.581-3 1° C.ENVIR.','Maintien après mise en demeure de dispositif publicitaire au-delà de la densité maximale autorisée','29111', null),
    (101,'ART.R.581-87 AL.1, ART.L.581-39, ART.L.581-36 C.ENVIR.','ART.R.581-87 1°, ART.R.581-31 AL.3, ART.L.581-3 1° C.ENVIR.','Installation de dispositif publicitaire non lumineux au sol sur l''emprise d''un aéroport ou d''une gare visible uniquement d''une autoroute ou d''une route express','29112', null),
    (102,'ART.R.581-87 AL.1, ART.L.581-39, ART.L.581-36 C.ENVIR.','ART.R.581-87 1°, ART.R.581-31 AL.3, ART.L.581-27, ART.L.581-3 1° C.ENVIR.','Maintien, après mise en demeure, de dispositif publicitaire non lumineux au sol sur l''emprise d''un aéroport ou d''une gare visible uniquement d''une autoroute ou d''UNE ROUTE EXPRESS','29113', null),
    (103,'ART.R.581-87 AL.1, ART.L.581-39, ART.L.581-36 C.ENVIR.','ART.R.581-87 1°, ART.R.581-31 AL.3, AL.5, ART.L.581-3 1° C.ENVIR.','Installation de dispositif publicitaire non lumineux au sol sur l''emprise d''un aéroport ou d''une gare visible uniquement d''une voie située hors agglomération et hors de l''emprise de l''aéroport ou de la gare','29114', null),
    (104,'ART.R.581-87 AL.1, ART.L.581-39, ART.L.581-36 C.ENVIR.','ART.R.581-87 1°, ART.R.581-31 AL.3, AL.5,ART.L.581-27, ART.L.581-3 1° C.ENVIR.','Maintien, après mise en demeure, de dispositif publicitaire non lumineux au sol sur l''emprise d''un aéroport ou d''une gare visible que d''une voie hors agglomération et hors emprise de l''aéroport ou de la gare','29115', null),
    (105,'ART.R.581-87 AL.1, ART.L.581-39, ART.L.581-36 C.ENVIR.','ART.R.581-87 1°, ART.R.581-33 AL.1, ART.L.581-3 1° C.ENVIR.','Installation de dispositif publicitaire non lumineux au sol à moins de 10 mètres d''une baie d''un immeuble d''habitation','29116', null),
    (106,'ART.R.581-87 AL.1, ART.L.581-39, ART.L.581-36 C.ENVIR.','ART.R.581-87 1°, ART.R.581-33 AL.1, ART.L.581-27, ART.L.581-3 1° C.ENVIR.','Maintien après mise en demeure de dispositif publicitaire non lumineux au sol à moins de 10 mètres d''une baie d''un immeuble d''habitation','29117', null),
    (107,'ART.R.581-87 AL.1, ART.L.581-36, ART.L.581-39 C.ENVIR.','ART.R.581-87 1°, ART.R.581-33 AL.2,AL.1, ART.L.581-3 1° C.ENVIR.','Installation de dispositif publicitaire non lumineux au sol à une distance inférieure à la moitie de sa hauteur d''une limite séparative de propriété','29118', null),
    (108,'ART.R.581-87 AL.1, ART.L.581-36, ART.L.581-39 C.ENVIR.','ART.R.581-87 1°, ART.R.581-33 AL.2,AL.1, ART.L.581-27, ART.L.581-3 1° C.ENVIR.','Maintien après mise en demeure de dispositif publicitaire non lumineux au sol à une distance inférieure à la moitie de sa hauteur d''une limite séparative de propriété','29119', null),
    (109,'ART.R.581-87 AL.1, ART.L.581-36, ART.L.581-39 C.ENVIR.','ART.R.581-87 2°, ART.R.581-41 AL.1,AL.2, ART.L.581-3 1° C.ENVIR.','Apposition d''une publicité numérique de dimension non autorisée','29120', null),
    (110,'ART.R.581-87 AL.1, ART.L.581-36, ART.L.581-39 C.ENVIR.','ART.R.581-87 2°, ART.R.581-41 AL.1,AL.2, ART.L.581-27, ART.L.581-3 1° C.ENVIR.','Maintien après mise en demeure d''une publicité numérique de dimension non autorisée','29121', null),
    (111,'ART.R.581-87 AL.1, ART.L.581-36, ART.L.581-39 C.ENVIR.','ART.R.581-87 2°, ART.R.581-43, ART.L.581-3 1° C.ENVIR.','Apposition de publicité de dimension non autorisée sur un abri destine au public','29122', null),
    (112,'ART.R.581-87 AL.1, ART.L.581-36, ART.L.581-39 C.ENVIR.','ART.R.581-87 2°, ART.R.581-43, ART.L.581-27, ART.L.581-3 1° C.ENVIR.','Maintien, après mise en demeure, de publicité de dimension non autorisée sur un abri destine au public','29123', null),
    (113,'ART.R.581-87 AL.1, ART.L.581-36, ART.L.581-39 C.ENVIR.','ART.R.581-87 2°, ART.R.581-44, ART.L.581-3 1° C.ENVIR.','Apposition de publicité de dimension non autorisée sur un kiosque à journaux ou sur un kiosque à usage commercial','29124', null),
    (114,'ART.R.581-87 AL.1, ART.L.581-36, ART.L.581-39 C.ENVIR.','ART.R.581-87 2°, ART.R.581-44, ART.L.581-27, ART.L.581-3 1° C.ENVIR.','Maintien, après mise en demeure, de publicité de dimension non autorisée apposée sur un kiosque à journaux ou sur un kiosque à usage commercial','29125', null),
    (115,'ART.R.581-87 AL.1, ART.L.581-36, ART.L.581-39 C.ENVIR.','ART.R.581-87 2°, ART.R.581-46, ART.L.581-3 1° C.ENVIR.','Apposition de publicité de dimension non autorisée sur un mât porte-affiches','29126', null),
    (116,'ART.R.581-87 AL.1, ART.L.581-36, ART.L.581-39 C.ENVIR.','ART.R.581-87 2°, ART.R.581-46, ART.L.581-27, ART.L.581-3 1° C.ENVIR.','Maintien, après mise en demeure, de publicité de dimension non autorisée apposée sur un mât porte-affiches','29127', null),
    (117,'ART.R.581-87 AL.1, ART.L.581-36, ART.L.581-39 C.ENVIR.','ART.R.581-87 2°, ART.R.581-47, ART.L.581-3 1° C.ENVIR.','Apposition sur un mobilier urbain destine à recevoir des informations non publicitaire de publicité excédant la surface totale reservée à ces informations','29128', null),
    (118,'ART.R.581-87 AL.1, ART.L.581-36, ART.L.581-39 C.ENVIR.','ART.R.581-87 2°, ART.R.581-47, ART.L.581-27, ART.L.581-3 1° C.ENVIR.','Maintien, après mise en demeure, sur un mobilier urbain destine à recevoir des informations non publicitaire de publicité excédant la surface totale reservée à ces infORMATIONS','29129', null),
    (119,'ART.R.581-87 AL.1, ART.L.581-36, ART.L.581-39 C.ENVIR.','ART.R.581-87 1°, ART.R.581-22 1°, ART.L.581-3 1° C.ENVIR.','Apposition d''une publicité sur des plantations en agglomération','29927', null),
    (120,'ART.R.581-87 AL.1, ART.L.581-36, ART.L.581-39 C.ENVIR.','ART.R.581-87 1°, ART.R.581-22 1°, ART.L.581-27, ART.L.581-3 1° C.ENVIR.','Maintien, après mise en demeure, d''une publicité sur des plantations en agglomération','29928', null),
    (121,'ART.R.581-87 AL.1, ART.L.581-36, ART.L.581-39 C.ENVIR.','ART.R.581-87 1°, ART.R.581-22 1°, ART.L.581-3 1° C.ENVIR.','Apposition d''une publicité sur un poteau électrique ou de télécommunication en agglomération','29929', null),
    (122,'ART.R.581-87 AL.1, ART.L.581-36, ART.L.581-39  C.ENVIR','ART.R.581-87 1°, ART.R.581-22 1°, ART.L.581-27, ART.L.581-3 1° C.ENVIR','Maintien, après mise en demeure, d''une publicité sur un poteau électrique ou de communicationnelle en agglomération.','29930', null),
    (123,'ART.R.581-87 AL.1, ART.L.581-36, ART.L.581-39  C.ENVIR','ART.R.581-87 1°, ART.R.581-22 1°, ART.L.581-3 1°  C.ENVIR','Apposition d''une publicité sur un éclairage public en agglomération.','29931', null),
    (124,'ART.R.581-87 AL.1, ART.L.581-36, ART.L.581-39  C.ENVIR','ART.R.581-87 1°, ART.R.581-22 1°, ART.L.581-27, ART.L.581-3 1°  C.ENVIR','Maintien, après mise en demeure, d''une publicité sur un éclairage public en agglomération.','29932', null),
    (125,'ART.R.581-87 AL.1, ART.L.581-36, ART.L.581-39  C.ENVIR','ART.R.581-87 1°, ART.R.581-22 1°, ART.L.581-3 1°  C.ENVIR','Apposition d''une publicité sur un équipement public de circulation en agglomération.','29933', null),
    (126,'ART.R.581-87 AL.1, ART.L.581-36, ART.L.581-39  C.ENVIR','ART.R.581-87 1°, ART.R.581-22 1°, ART.L.581-27, ART.L.581-3 1°  C.ENVIR','Maintien, après mise en demeure, d''une publicité sur un équipement public de circulation en agglomération.','29934', null),
    (127,'ART.R.581-87 AL.1, ART.L.581-36, ART.L.581-39  C.ENVIR','ART.R.581-87 1°, ART.R.581-22 2°, ART.L.581-3 1°  C.ENVIR','Apposition d''une publicité sur le mur d''une habitation en agglomération.','29935', null),
    (128,'ART.R.581-87 AL.1, ART.L.581-36, ART.L.581-39  C.ENVIR','ART.R.581-87 1°, ART.R.581-22 2°, ART.L.581-27, ART.L.581-3 1°  C.ENVIR','Maintien, après mise en demeure, d''une publicité sur le mur d''une habitation en agglomération.','29936', null),
    (129,'ART.R.581-87 AL.1, ART.L.581-36, ART.L.581-39  C.ENVIR','ART.R.581-87 1°, ART.R.581-22 3°, ART.L.581-3 1°  C.ENVIR','Apposition d''une publicité sur une clôture non aveugle en agglomération.','29937', null),
    (130,'ART.R.581-87 AL.1, ART.L.581-36, ART.L.581-39  C.ENVIR','ART.R.581-87 1°, ART.R.581-22 3°, ART.L.581-27, ART.L.581-3 1°  C.ENVIR','Maintien, après mise en demeure, d''une publicité sur une clôture non aveugle en agglomération.','29938', null),
    (131,'ART.R.581-87 AL.1, ART.L.581-36, ART.L.581-39  C.ENVIR','ART.R.581-87 1°, ART.R.581-22 4°, ART.L.581-3 1°  C.ENVIR','Apposition d''une publicité sur le mur d''un cimetière en agglomération.','29939', null),
    (132,'ART.R.581-87 AL.1, ART.L.581-36, ART.L.581-39  C.ENVIR','ART.R.581-87 1°, ART.R.581-22 4°, ART.L.581-3 1°  C.ENVIR','Apposition d''une publicité sur le mur d''un jardin public en agglomération.','29940', null),
    (133,'ART.R.581-87 AL.1, ART.L.581-36, ART.L.581-39  C.ENVIR','ART.R.581-87 1°, ART.R.581-22 4°, ART.L.581-27, ART.L.581-3 1°  C.ENVIR','Maintien, après mise en demeure, d''une publicité sur le mur d''un cimetière en agglomération.','29941', null),
    (134,'ART.R.581-87 AL.1, ART.L.581-36, ART.L.581-39  C.ENVIR','ART.R.581-87 1°, ART.R.581-22 4°, ART.L.581-27, ART.L.581-3 1°  C.ENVIR','Maintien, après mise en demeure, d''une publicité sur le mur d''un jardin public en agglomération.','29942', null),
    (135,'ART.L.581-34 §I, §III, ART.L.581-36, ART.L.581-41, ART.L.173-5 2°, ART.L.173-7  C.ENVIR', 'ART.L.581-34 §I 1°, ART.L.581-8 §I 8°, ART.L.581-19 AL.1, ART.L.414-1 §I,§II,§IV  C.ENVIR','Apposition de publicité ou préenseigne dans un site natura 2000.','29943', null),
    (136,'ART.L.581-34 §I,§III, ART.L.581-36, ART.L.581-41, ART.L.173-5 2°, ART.L.173-7  C.ENVIR','ART.L.581-34 §I 1°, ART.L.581-8 §I 8°, ART.L.581-19 AL.1, ART.L.414-1 §I,§II,§IV  C.ENVIR','Maintien après mise en demeure de publicité ou préenseigne dans un site natura 2000.','29944', null),
    (137,'ART.R.581-87 AL.1, ART.L.581-36, ART.L.581-39  C.ENVIR','ART.R.581-87 1°, ART.R.581-35, ART.R.581-34 AL.1, ART.L.581-3 1°  C.ENVIR','Apposition d''une publicité lumineuse en agglomération sans respecter l''obligation d''extinction nocturne.','29946', null),
    (138,'ART.R.581-87 AL.1, ART.L.581-36, ART.L.581-39  C.ENVIR','ART.R.581-87 1°, ART.R.581-41 AL.3, ART.R.581-34 AL.1, ART.L.581-3 1°  C.ENVIR','Installation de dispositif publicitaire numérique non équipé de système de gradation permettant d''adapter l''éclairage à la lumière ambiante.','29947', null),
    (139,'ART.R.581-87 AL.1, ART.L.581-36, ART.L.581-39  C.ENVIR','ART.R.581-87 1°, ART.R.581-43, ART.R.581-44, ART.L.581-3 1°  C.ENVIR','Apposition de dispositif publicitaire surajoute sur le toit d''un mobilier urbain.','29948', null),
    (140,'ART.R.581-87 AL.1, ART.L.581-36, ART.L.581-39  C.ENVIR','ART.R.581-87 1°, ART.R.581-45, ART.R.581-46, ART.L.581-3 1°  C.ENVIR','Apposition d''une publicité commerciale sur une colonne ou un mât porte-affiche.','29949', null),
    (141,'ART.R.581-87 AL.1, ART.L.581-36, ART.L.581-39  C.ENVIR','ART.R.581-87 1°, ART.R.581-54 AL.2, ART.L.581-3 1°  C.ENVIR','Apposition d''une publicité sur une bâche de chantier au-delà de l''utilisation effective de l''échafaudage pour travaux.','29950', null),
    (142,'ART.R.581-87 AL.1, ART.L.581-36, ART.L.581-39  C.ENVIR','ART.R.581-87 1°, ART.R.581-56 AL.3, ART.L.581-9 AL.2, ART.L.581-3 1°  C.ENVIR','Installation de dispositif publicitaire de dimension exceptionnelle au-delà de la période autorisée','29951', null),
    (143,'ART.R.581-87 AL.1, ART.L.581-36, ART.L.581-39  C.ENVIR','ART.R.581-87 2°, ART.R.581-27, ART.R.581-28, ART.L.581-3 1°  C.ENVIR','Apposition d''une publicité non lumineuse non conforme par son emplacement sur le support.','29952', null),
    (144,'ART.R.581-87 AL.1, ART.L.581-36, ART.L.581-39  C.ENVIR','ART.R.581-87 2°, ART.R.581-34 AL.3, ART.R.581-38, ART.R.581-39, ART.L.581-3 1°  C.ENVIR','Apposition d''une publicité lumineuse de surface ou dimension non autorisée.','29953', null),
    (145,'ART.R.581-87 AL.1, ART.L.581-36, ART.L.581-39  C.ENVIR','ART.R.581-87 2°, ART.R.581-36 2°, ART.R.581-37, ART.L.581-3 1°  C.ENVIR','Apposition d''une publicité lumineuse non conforme à l''autorisation par son emplacement sur le support.','29954', null),
    (146,'ART.R.581-87 AL.1, ART.L.581-36, ART.L.581-39  C.ENVIR','ART.R.581-87 2°, ART.R.581-34 AL.3, ART.R.581-38, ART.R.581-39, ART.L.581-27, ART.L.581-3 1°  C.ENVIR','Maintien après mise en demeure d''une publicité lumineuse de surface ou dimension non autorisée.','29955', null),
    (147,'ART.R.581-87 AL.1, ART.L.581-36, ART.L.581-39  C.ENVIR','ART.R.581-87 2°, ART.R.581-36 2°, ART.R.581-37, ART.L.581-27, ART.L.581-3 1°  C.ENVIR','Maintien après mise en demeure d''une publicité lumineuse non conforme à l''autorisation par son emplacement sur le support.','29956', null),
    (148,'ART.R.581-87 AL.1, ART.L.581-36, ART.L.581-39  C.ENVIR','ART.R.581-87 2°, ART.R.581-54 AL.1, ART.L.581-3 1°  C.ENVIR','Apposition d''une publicité sur une bâche de chantier non conforme par son emplacement sur le support.','29957', null),
    (149,'ART.R.581-87 AL.1, ART.L.581-36, ART.L.581-39  C.ENVIR','ART.R.581-87 2°, ART.R.581-54 AL.3, ART.L.581-3 1°  C.ENVIR','Apposition d''une publicité sur une bâche de chantier de surface non autorisée.','29958', null),
    (150,'ART.R.581-87 AL.1, ART.L.581-36, ART.L.581-39  C.ENVIR','ART.R.581-87 2°, ART.R.581-55 AL.2, ART.L.581-3 1°  C.ENVIR','Apposition d''une bâche publicitaire non conforme par son emplacement sur le support.','29959', null),
    (151,'ART.R.581-87 AL.1, ART.L.581-36, ART.L.581-39  C.ENVIR','ART.R.581-87 2°, ART.R.581-56 AL.4, ART.L.581-3 1°  C.ENVIR','Installation de dispositif de dimension exceptionnelle supportant de la publicité numérique de surface non autorisée.','29960', null),
    (152,'ART.R.581-87 AL.1, ART.L.581-36, ART.L.581-39  C.ENVIR','ART.R.581-87 2°, ART.R.581-57 AL.1, ART.L.581-8 §III, ART.L.581-3 1°  C.ENVIR','Installation de dispositif publicitaire de petit format de surface non autorisée.','29961', null),
    (153,'ART.R.581-87 AL.1, ART.L.581-36, ART.L.581-39 C.ENVIR.','ART.R.581-87 2°, ART.R.581-41 AL.1,AL.2, AL.3, ART.L.581-3 1° C.ENVIR.','Apposition d''une publicité numérique s''élevant à une hauteur non autorisée','31777', null),
    (154,'ART.R.581-87 AL.1, ART.L.581-36, ART.L.581-39 C.ENVIR.','ART.R.581-87 2°, ART.R.581-41 AL.1,AL.2, AL.3, ART.L.581-27, ART.L.581-3 1° C.ENVIR.','Maintien après mise en demeure d''une publicité numérique s''élevant à une hauteur non autorisée','31778', null),
    (155,'ART.L.581-34 §I, §III, ART.L.581-36, ART.L.581-41,ART.L.173-5 2°, ART.L.173-7 C.ENVIR.','ART.L.581-34 §I 2°, ART.L.581-10, ART.R.581-21-1 C.ENVIR.','Apposition sans autorisation préalable sur l''emprise d''un équipement sportif d''un dispositif publicitaire dérogatoire','31783', null),
    (156,'ART.L.581-34 §I, §III, ART.L.581-36, ART.L.581-41,ART.L.173-5 2°, ART.L.173-7 C.ENVIR.','ART.L.581-34 §I 2°, ART.L.581-10, ART.L.581-27, ART.R.581-21-1 C.ENVIR.','Maintien après mise en demeure sur l''emprise d''un équipement sportif d''un dispositif publicitaire dérogatoire','31784', null);


INSERT INTO roles(
	id, name)
	VALUES (0, 'USER');
INSERT INTO roles(
	id, name)
	VALUES (1, 'ADMIN');

ALTER SEQUENCE roles_id_seq RESTART WITH 2;

INSERT INTO users_roles(
	users_id, roles_id)
	VALUES
    (1, 0),
    (1, 1),
    (2, 0),
    (2, 1),
    (3, 0),
    (4, 0),
    (5, 0),
    (6, 0),
    (7, 0),
    (8, 0),
    (9, 0),
    (10, 0),
    (11, 0),
    (12, 0),
    (13, 0),
    (14, 0),
    (15, 0),
    (16, 0),
    (17, 0),
    (18, 0),
    (19, 0),
    (20, 0),
    (21, 0),
    (22, 0),
    (23, 0),
    (24, 0),
    (25, 0),
    (26, 0),
    (27, 0),
    (28, 0),
    (29, 0),
    (30, 0),
    (31, 0),
    (32, 0),
    (33, 0),
    (34, 0),
    (35, 0),
    (36, 0);

INSERT INTO courrier_template(
	id, generated_name, template_name)
	VALUES
	(0,'Courrier_avertissement.odt', '01_Courrier_AVERTISSEMENT.odt'),
	(1,'Fiche_releve.odt','0_Fiche_releve.odt'),
    (2,'Courrier_avertissement_relance.odt','02_Courrier_AVERTISSEMENT_relance.odt'),
    (3,'PV1.odt','03_PV1.odt'),
    (4,'AMED.odt','04_AMED.odt'),
    (5,'Courrier_MEC_accompagnant_PV1_AMED1.odt','05_Courrier_MEC_accompagnant_PV1_AMED1.odt'),
    (6,'Courrier_MAIRE_copie_AMED1.odt','06_Courrier_MAIRE_copie_AMED1.odt'),
    (7,'Courrier_PROC_copie_AMED1.odt','07_Courrier_PROC_copie_AMED1.odt'),
    (8,'PV2.odt','08_PV2.odt'),
    (9,'Courrier_PROC_info_PV2.odt','09_Courrier_PROC_info_PV2.odt'),
    (10,'Courrier_MAIRE_info_PV2.odt','10_Courrier_MAIRE_info_PV2.odt'),
    (11,'Courrier_MEC_accompagnant_PV2.odt','11_Courrier_MEC_accompagnant_PV2.odt'),
    (12,'Courrier_PROC_fin_procedure.odt','12_Courrier_PROC_fin_procedure.odt'),
    (13,'Courrier_PROC_demande_action_penale.odt','13_Courrier_PROC_demande_action_penale.odt'),
    (14,'Courrier_MEC_procedure_contradictoire_prealable_amende_adm.odt','14_Courrier_MEC_procedure_contradictoire_prealable_amende_adm.odt'),
    (15,'ARRETE_PREFECTORAL_AMENDE_Administrative.odt','15_ARRETE_PREFECTORAL_AMENDE_Administrative.odt'),
    (16,'Courrier_MAIRE_invitation_recouvrement_amende_administrative.odt','16_Courrier_MAIRE_invitation_recouvrement_amende_administrative.odt'),
    (17,'ARRETE_PREFECTORAL_recouvrement_ASTREINTES.odt','17_ARRETE_PREFECTORAL_recouvrement_ASTREINTES.odt'),
    (18,'Courrier_MEC_informant_arrete_astreintes.odt','18_Courrier_MEC_informant_arrete_astreintes.odt'),
    (19,'Courrier_MAIRE_invitation_recouvrement_astreinte.odt','19_Courrier_MAIRE_invitation_recouvrement_astreinte.odt');

INSERT INTO procedure_courrier_templates(
	procedure_id, courrier_templates_id)
	VALUES (1, 0),
	    (2, 0),
        (3,14),
	    (4, 1),
	    (5, 3),
	    (6,7),
	    (8,6),
	    (9,5),
	    (10,4),
	    (11,15),
	    (12,17),
	    (13,19);
	    (15,8),
	    (16,9),
	    (18,10),
	    (19,11),
	    (21,12);
-- 	    (,2),
-- 	    (,13),
-- 	    (,16),
-- 	    (,18),

INSERT INTO parameter(
    id, boolean_value, date_time_value, date_value, description, double_value, int_value, long_value, name, string_value)
VALUES (0, false, null, null, 'Durée pour afficher les dispositifs conformes', null, 12, null, 'maxTimeForOkDevice', null);
VALUES (1, false, null, null, 'Type de la durée pour afficher les dispositifs conformes (année = 1, mois = 2, jour = 5, heure = 10', null, 2, null, 'maxTimeForOkDeviceType', null);

INSERT INTO public.advertiser(
	id, name)
	VALUES
	(1,'ABC AFFICHAGE'),
	(2,'ABRICOM'),
	(3,'AFFICHAGE GENERAL DE FRANCE SARL (AGF)'),
	(4,'AFFI-SAGE'),
	(5,'AFFUR REGIE SARL'),
	(6,'ALOES RED'),
	(7,'ANNIMAFFAIRES'),
	(8,'AZ Publicité'),
	(9,'BOMBIX'),
	(10,'CAP (devenu MEDIALINE)'),
	(11,'CAP'),
	(12,'CDP-MEDIALINE SAS'),
	(13,'CLEAR CHANNEL France (ex DAUPHIN-Affichage THOMAS)'),
	(14,'SAS CLEAR CHANNEL'),
	(15,'COCKTAIL DEVELOPPEMENT'),
	(16,'ESPACE IMAGE'),
	(17,'EURLY'),
	(18,'EUROPUB'),
	(19,'EXTERION MEDIA (ex CBS OUTDOOR-VIACOM-GIRAUDY)'),
	(20,'EXTERION MEDIA'),
	(21,'IMACOM'),
	(22,'IMAGEN'),
	(23,'JC DECAUX France'),
	(26,'LC-OO'),
	(27,'LC PUBLICITE'),
	(28,'La Sérigraphie'),
	(29,'MEDIALINE'),
	(30,'MEDIT PRESSE'),
	(31,'MOBI MEDIA'),
	(32,'OXIAL SARL'),
	(33,'PRESENCE EXTERIEURE'),
	(34,'PROMOVIL SAS'),
	(35,'PANORAMA LAL'),
	(36,'PAP SARL'),
	(37,'PUBLI''D'),
	(39,'PUBLI ESSOR'),
	(40,'SAS PUBLIMAT'),
	(41,'PUBLIMAT3 DIFFUSION'),
	(42,'CS MEDIA'),
	(43,'PUBLIVAL'),
	(44,'RIBEIRO ENSEIGNE'),
	(45,'SIE PUBLICITE'),
	(46,'SIGNAL ET PUB'),
	(47,'SITU'),
	(48,'TETRA PMS'),
	(49,'URBA CITY'),
	(50,'URBAVENIR'),
	(51,'VISIO COM'),
	(52,'VISION LED'),
	(53,'VISUEST SARL');

INSERT INTO public.advertiser_departements(
	advertiser_id, departements_code)
	VALUES
	(1,67),
	(10,67),
	(12,67),
	(13,67),
	(16,67),
	(19,67),
	(22,67),
	(23,67),
	(30,67),
	(32,67),
	(40,67),
	(42,67),
	(46,67),
	(2,57),
	(3,57),
	(7,57),
	(8,57),
	(9,57),
	(10,57),
	(12,57),
	(13,57),
	(14,57),
	(19,57),
	(20,57),
	(23,57),
	(29,57),
	(32,57),
	(34,57),
	(36,57),
	(39,57),
	(40,57),
	(45,57),
	(46,57),
	(53,57),
	(3,54),
	(5,54),
	(10,54),
	(12,54),
	(13,54),
	(19,54),
	(23,54),
	(32,54),
	(34,54),
	(36,54),
	(39,54),
	(40,54),
	(45,54),
	(46,54),
	(50,54),
	(53,54),
	(2,88),
	(4,88),
	(10,88),
	(14,88),
	(17,88),
	(18,88),
	(19,88),
	(20,88),
	(21,88),
	(23,88),
	(29,88),
	(33,88),
	(37,88),
	(5,51),
	(6,51),
	(9,51),
	(11,51),
	(14,51),
	(20,51),
	(23,51),
	(27,51),
	(28,51),
	(33,51),
	(35,51),
	(37,51),
	(40,51),
	(41,51),
	(44,51),
	(47,51),
	(48,51),
	(51,51),
	(9,8),
	(13,8),
	(14,8),
	(15,8),
	(20,8),
	(26,8),
	(28,8),
	(29,8),
	(40,8),
	(42,8),
	(2,68),
	(8,68),
	(10,68),
	(13,68),
	(19,68),
	(23,68),
	(28,68),
	(31,68),
	(32,68),
	(39,68),
	(40,68),
	(43,68),
	(49,68),
	(51,68),
	(52,68),
	(10,55),
	(13,55),
	(29,55),
	(46,55),
	(51,55);

insert into procedure_dispositif_filters (procedure_id, dispositif_filters) values
	(1,	'AMIABLE'),
	(2, 'AMIABLE'),
	(3, 'A_ADM'),
-- 	(4, ''),
	(5, 'PV'),
-- 	(6, ''),
-- 	(7, ''),
-- 	(8, ''),
-- 	(9, ''),
	(10,'FORMAL_NOTICE'),
-- 	(11,''),
	(12,'PENALTY'),
-- 	(13,''),
-- 	(14,''),
	(15,'PV'),
-- 	(16,''),
-- 	(17,''),
-- 	(18,''),
-- 	(19,''),
	(20,'FORMAL_NOTICE');
-- 	(21,'');
